codice;Utilizzato;Data Utilizzo;Indirizzo Mail;GenerazioneVoce;Codice OTP
MLB-AA-007;;;;;
MLB-AA-063;;;;;
MLB-AA-175;;;;;
MLB-AA-273;;;;;
MLB-AA-293;;;;;
MLB-AA-324;;;;;
MLB-AA-420;;;;;
MLB-AA-632;;;;;
MLB-AA-989;;;;;
MLB-AB-117;;;;;
MLB-AB-204;;;;;
MLB-AB-443;;;;;
MLB-AB-649;;;;;
MLB-AB-719;;;;;
MLB-AB-794;;;;;
MLB-AC-086;;;;;
MLB-AC-402;;;;;
MLB-AC-605;;;;;
MLB-AC-908;;;;;
MLB-AC-993;;;;;
MLB-AD-140;;;;;
MLB-AD-232;;;;;
MLB-AD-343;;;;;
MLB-AD-373;;;;;
MLB-AD-375;;;;;
MLB-AD-408;;;;;
MLB-AD-905;;;;;
MLB-AD-999;;;;;
MLB-AE-458;;;;;
MLB-AE-492;;;;;
MLB-AE-596;;;;;
MLB-AE-945;;;;;
MLB-AF-198;;;;;
MLB-AF-238;;;;;
MLB-AF-265;;;;;
MLB-AF-287;;;;;
MLB-AF-340;;;;;
MLB-AF-430;;;;;
MLB-AF-792;;;;;
MLB-AF-945;;;;;
MLB-AG-051;;;;;
MLB-AG-247;;;;;
MLB-AG-366;;;;;
MLB-AG-408;;;;;
MLB-AG-627;;;;;
MLB-AG-996;;;;;
MLB-AH-141;;;;;
MLB-AH-259;;;;;
MLB-AH-474;;;;;
MLB-AH-507;;;;;
MLB-AH-747;;;;;
MLB-AH-822;;;;;
MLB-AH-829;;;;;
MLB-AI-152;;;;;
MLB-AI-419;;;;;
MLB-AI-516;;;;;
MLB-AI-677;;;;;
MLB-AI-754;;;;;
MLB-AJ-374;;;;;
MLB-AJ-399;;;;;
MLB-AJ-420;;;;;
MLB-AJ-540;;;;;
MLB-AJ-719;;;;;
MLB-AJ-803;;;;;
MLB-AK-051;;;;;
MLB-AK-066;;;;;
MLB-AK-347;;;;;
MLB-AK-494;;;;;
MLB-AK-499;;;;;
MLB-AK-521;;;;;
MLB-AK-533;;;;;
MLB-AK-759;;;;;
MLB-AK-776;;;;;
MLB-AK-797;;;;;
MLB-AK-968;;;;;
MLB-AK-997;;;;;
MLB-AL-227;;;;;
MLB-AL-495;;;;;
MLB-AL-546;;;;;
MLB-AL-585;;;;;
MLB-AL-690;;;;;
MLB-AL-710;;;;;
MLB-AL-730;;;;;
MLB-AL-759;;;;;
MLB-AL-803;;;;;
MLB-AL-814;;;;;
MLB-AL-833;;;;;
MLB-AL-877;;;;;
MLB-AM-172;;;;;
MLB-AM-185;;;;;
MLB-AM-409;;;;;
MLB-AM-586;;;;;
MLB-AM-687;;;;;
MLB-AM-753;;;;;
MLB-AM-907;;;;;
MLB-AM-958;;;;;
MLB-AN-165;;;;;
MLB-AN-181;;;;;
MLB-AN-268;;;;;
MLB-AN-503;;;;;
MLB-AN-614;;;;;
MLB-AN-621;;;;;
MLB-AN-640;;;;;
MLB-AN-762;;;;;
MLB-AN-933;;;;;
MLB-AO-133;;;;;
MLB-AO-211;;;;;
MLB-AO-404;;;;;
MLB-AO-596;;;;;
MLB-AO-763;;;;;
MLB-AO-985;;;;;
MLB-AP-307;;;;;
MLB-AP-326;;;;;
MLB-AP-561;;;;;
MLB-AP-601;;;;;
MLB-AP-643;;;;;
MLB-AP-717;;;;;
MLB-AP-954;;;;;
MLB-AP-994;;;;;
MLB-AQ-215;;;;;
MLB-AQ-377;;;;;
MLB-AQ-397;;;;;
MLB-AQ-686;;;;;
MLB-AQ-837;;;;;
MLB-AQ-971;;;;;
MLB-AR-022;;;;;
MLB-AR-035;;;;;
MLB-AR-131;;;;;
MLB-AR-341;;;;;
MLB-AR-434;;;;;
MLB-AR-793;;;;;
MLB-AR-887;;;;;
MLB-AS-163;;;;;
MLB-AS-252;;;;;
MLB-AS-335;;;;;
MLB-AS-386;;;;;
MLB-AS-572;;;;;
MLB-AT-019;;;;;
MLB-AT-255;;;;;
MLB-AT-297;;;;;
MLB-AT-497;;;;;
MLB-AT-572;;;;;
MLB-AT-665;;;;;
MLB-AT-921;;;;;
MLB-AU-153;;;;;
MLB-AU-266;;;;;
MLB-AU-267;;;;;
MLB-AU-292;;;;;
MLB-AU-498;;;;;
MLB-AU-529;;;;;
MLB-AU-568;;;;;
MLB-AU-570;;;;;
MLB-AU-670;;;;;
MLB-AU-687;;;;;
MLB-AU-727;;;;;
MLB-AU-791;;;;;
MLB-AU-801;;;;;
MLB-AV-099;;;;;
MLB-AV-143;;;;;
MLB-AV-180;;;;;
MLB-AV-272;;;;;
MLB-AV-351;;;;;
MLB-AV-597;;;;;
MLB-AV-685;;;;;
MLB-AV-852;;;;;
MLB-AV-872;;;;;
MLB-AV-909;;;;;
MLB-AV-918;;;;;
MLB-AV-986;;;;;
MLB-AW-117;;;;;
MLB-AW-245;;;;;
MLB-AW-292;;;;;
MLB-AW-305;;;;;
MLB-AW-378;;;;;
MLB-AW-443;;;;;
MLB-AW-488;;;;;
MLB-AW-662;;;;;
MLB-AW-847;;;;;
MLB-AW-877;;;;;
MLB-AW-880;;;;;
MLB-AX-081;;;;;
MLB-AX-286;;;;;
MLB-AX-346;;;;;
MLB-AX-514;;;;;
MLB-AX-628;;;;;
MLB-AX-725;;;;;
MLB-AX-789;;;;;
MLB-AX-793;;;;;
MLB-AX-826;;;;;
MLB-AX-943;;;;;
MLB-AX-986;;;;;
MLB-AY-663;;;;;
MLB-AZ-108;;;;;
MLB-AZ-182;;;;;
MLB-AZ-235;;;;;
MLB-AZ-434;;;;;
MLB-AZ-459;;;;;
MLB-AZ-538;;;;;
MLB-AZ-564;;;;;
MLB-AZ-586;;;;;
MLB-AZ-593;;;;;
MLB-AZ-629;;;;;
MLB-BA-015;;;;;
MLB-BA-034;;;;;
MLB-BA-098;;;;;
MLB-BA-103;;;;;
MLB-BA-254;;;;;
MLB-BA-360;;;;;
MLB-BA-396;;;;;
MLB-BA-419;;;;;
MLB-BB-587;;;;;
MLB-BB-635;;;;;
MLB-BB-675;;;;;
MLB-BB-845;;;;;
MLB-BB-908;;;;;
MLB-BB-972;;;;;
MLB-BB-993;;;;;
MLB-BC-000;;;;;
MLB-BC-441;;;;;
MLB-BC-538;;;;;
MLB-BC-578;;;;;
MLB-BC-723;;;;;
MLB-BC-819;;;;;
MLB-BC-847;;;;;
MLB-BC-925;;;;;
MLB-BC-964;;;;;
MLB-BD-187;;;;;
MLB-BD-353;;;;;
MLB-BD-446;;;;;
MLB-BD-567;;;;;
MLB-BE-106;;;;;
MLB-BE-282;;;;;
MLB-BE-320;;;;;
MLB-BE-341;;;;;
MLB-BE-589;;;;;
MLB-BE-747;;;;;
MLB-BF-110;;;;;
MLB-BF-379;;;;;
MLB-BF-630;;;;;
MLB-BF-721;;;;;
MLB-BF-890;;;;;
MLB-BF-990;;;;;
MLB-BF-991;;;;;
MLB-BG-003;;;;;
MLB-BG-058;;;;;
MLB-BG-150;;;;;
MLB-BG-174;;;;;
MLB-BG-324;;;;;
MLB-BH-129;;;;;
MLB-BH-163;;;;;
MLB-BH-306;;;;;
MLB-BH-398;;;;;
MLB-BH-539;;;;;
MLB-BH-676;;;;;
MLB-BH-708;;;;;
MLB-BI-024;;;;;
MLB-BI-157;;;;;
MLB-BI-194;;;;;
MLB-BI-477;;;;;
MLB-BI-769;;;;;
MLB-BI-985;;;;;
MLB-BJ-029;;;;;
MLB-BJ-681;;;;;
MLB-BJ-843;;;;;
MLB-BK-341;;;;;
MLB-BK-580;;;;;
MLB-BK-810;;;;;
MLB-BL-025;;;;;
MLB-BL-081;;;;;
MLB-BL-141;;;;;
MLB-BL-220;;;;;
MLB-BL-385;;;;;
MLB-BL-560;;;;;
MLB-BL-695;;;;;
MLB-BL-890;;;;;
MLB-BM-308;;;;;
MLB-BM-371;;;;;
MLB-BM-373;;;;;
MLB-BM-386;;;;;
MLB-BM-586;;;;;
MLB-BM-804;;;;;
MLB-BM-912;;;;;
MLB-BM-936;;;;;
MLB-BN-064;;;;;
MLB-BN-255;;;;;
MLB-BN-280;;;;;
MLB-BN-631;;;;;
MLB-BN-660;;;;;
MLB-BN-929;;;;;
MLB-BN-952;;;;;
MLB-BN-960;;;;;
MLB-BO-101;;;;;
MLB-BO-179;;;;;
MLB-BO-252;;;;;
MLB-BO-441;;;;;
MLB-BO-452;;;;;
MLB-BO-567;;;;;
MLB-BO-606;;;;;
MLB-BO-692;;;;;
MLB-BO-702;;;;;
MLB-BP-323;;;;;
MLB-BP-605;;;;;
MLB-BP-915;;;;;
MLB-BP-917;;;;;
MLB-BP-951;;;;;
MLB-BP-977;;;;;
MLB-BQ-030;;;;;
MLB-BQ-081;;;;;
MLB-BQ-125;;;;;
MLB-BQ-162;;;;;
MLB-BQ-175;;;;;
MLB-BQ-324;;;;;
MLB-BQ-854;;;;;
MLB-BQ-902;;;;;
MLB-BQ-991;;;;;
MLB-BR-413;;;;;
MLB-BR-528;;;;;
MLB-BR-611;;;;;
MLB-BR-710;;;;;
MLB-BR-761;;;;;
MLB-BR-778;;;;;
MLB-BR-818;;;;;
MLB-BR-949;;;;;
MLB-BS-206;;;;;
MLB-BS-485;;;;;
MLB-BS-625;;;;;
MLB-BS-727;;;;;
MLB-BS-762;;;;;
MLB-BS-781;;;;;
MLB-BS-985;;;;;
MLB-BT-157;;;;;
MLB-BT-339;;;;;
MLB-BT-407;;;;;
MLB-BT-438;;;;;
MLB-BT-538;;;;;
MLB-BT-634;;;;;
MLB-BT-696;;;;;
MLB-BT-797;;;;;
MLB-BT-820;;;;;
MLB-BU-092;;;;;
MLB-BU-253;;;;;
MLB-BU-498;;;;;
MLB-BU-524;;;;;
MLB-BU-639;;;;;
MLB-BU-648;;;;;
MLB-BU-796;;;;;
MLB-BU-913;;;;;
MLB-BV-119;;;;;
MLB-BV-216;;;;;
MLB-BV-223;;;;;
MLB-BV-327;;;;;
MLB-BV-539;;;;;
MLB-BV-548;;;;;
MLB-BV-609;;;;;
MLB-BV-963;;;;;
MLB-BW-116;;;;;
MLB-BW-180;;;;;
MLB-BW-371;;;;;
MLB-BW-443;;;;;
MLB-BW-594;;;;;
MLB-BW-677;;;;;
MLB-BW-715;;;;;
MLB-BW-721;;;;;
MLB-BW-848;;;;;
MLB-BX-145;;;;;
MLB-BX-159;;;;;
MLB-BX-986;;;;;
MLB-BY-103;;;;;
MLB-BY-123;;;;;
MLB-BY-149;;;;;
MLB-BY-253;;;;;
MLB-BY-331;;;;;
MLB-BY-438;;;;;
MLB-BY-482;;;;;
MLB-BY-591;;;;;
MLB-BY-677;;;;;
MLB-BY-850;;;;;
MLB-BY-999;;;;;
MLB-BZ-077;;;;;
MLB-BZ-792;;;;;
MLB-BZ-945;;;;;
MLB-BZ-983;;;;;
MLB-CA-005;;;;;
MLB-CA-413;;;;;
MLB-CA-483;;;;;
MLB-CA-667;;;;;
MLB-CA-775;;;;;
MLB-CB-155;;;;;
MLB-CB-247;;;;;
MLB-CB-344;;;;;
MLB-CB-504;;;;;
MLB-CB-562;;;;;
MLB-CB-659;;;;;
MLB-CB-703;;;;;
MLB-CB-950;;;;;
MLB-CC-059;;;;;
MLB-CC-137;;;;;
MLB-CC-147;;;;;
MLB-CC-220;;;;;
MLB-CC-380;;;;;
MLB-CC-407;;;;;
MLB-CC-515;;;;;
MLB-CD-210;;;;;
MLB-CD-275;;;;;
MLB-CD-326;;;;;
MLB-CD-445;;;;;
MLB-CD-681;;;;;
MLB-CE-109;;;;;
MLB-CE-236;;;;;
MLB-CE-322;;;;;
MLB-CE-547;;;;;
MLB-CE-594;;;;;
MLB-CE-676;;;;;
MLB-CE-760;;;;;
MLB-CF-292;;;;;
MLB-CF-615;;;;;
MLB-CF-784;;;;;
MLB-CF-785;;;;;
MLB-CG-113;;;;;
MLB-CG-436;;;;;
MLB-CG-707;;;;;
MLB-CG-754;;;;;
MLB-CG-875;;;;;
MLB-CH-021;;;;;
MLB-CH-181;;;;;
MLB-CH-346;;;;;
MLB-CH-445;;;;;
MLB-CH-627;;;;;
MLB-CH-693;;;;;
MLB-CH-851;;;;;
MLB-CI-041;;;;;
MLB-CI-058;;;;;
MLB-CI-130;;;;;
MLB-CI-242;;;;;
MLB-CI-677;;;;;
MLB-CI-766;;;;;
MLB-CI-795;;;;;
MLB-CI-837;;;;;
MLB-CJ-074;;;;;
MLB-CJ-237;;;;;
MLB-CJ-587;;;;;
MLB-CJ-945;;;;;
MLB-CK-149;;;;;
MLB-CK-663;;;;;
MLB-CK-910;;;;;
MLB-CL-076;;;;;
MLB-CL-165;;;;;
MLB-CL-417;;;;;
MLB-CL-423;;;;;
MLB-CL-443;;;;;
MLB-CL-467;;;;;
MLB-CL-581;;;;;
MLB-CL-663;;;;;
MLB-CL-713;;;;;
MLB-CL-762;;;;;
MLB-CL-809;;;;;
MLB-CM-338;;;;;
MLB-CM-591;;;;;
MLB-CM-669;;;;;
MLB-CM-738;;;;;
MLB-CM-890;;;;;
MLB-CM-896;;;;;
MLB-CM-902;;;;;
MLB-CN-107;;;;;
MLB-CN-189;;;;;
MLB-CN-228;;;;;
MLB-CN-447;;;;;
MLB-CN-558;;;;;
MLB-CN-688;;;;;
MLB-CO-136;;;;;
MLB-CO-291;;;;;
MLB-CO-355;;;;;
MLB-CO-704;;;;;
MLB-CO-872;;;;;
MLB-CO-927;;;;;
MLB-CP-033;;;;;
MLB-CP-255;;;;;
MLB-CP-265;;;;;
MLB-CP-289;;;;;
MLB-CP-331;;;;;
MLB-CP-467;;;;;
MLB-CP-910;;;;;
MLB-CP-955;;;;;
MLB-CQ-027;;;;;
MLB-CQ-174;;;;;
MLB-CQ-211;;;;;
MLB-CQ-404;;;;;
MLB-CQ-419;;;;;
MLB-CQ-471;;;;;
MLB-CQ-624;;;;;
MLB-CQ-661;;;;;
MLB-CQ-668;;;;;
MLB-CQ-797;;;;;
MLB-CQ-886;;;;;
MLB-CQ-979;;;;;
MLB-CQ-987;;;;;
MLB-CR-149;;;;;
MLB-CR-198;;;;;
MLB-CR-214;;;;;
MLB-CR-369;;;;;
MLB-CR-491;;;;;
MLB-CR-696;;;;;
MLB-CR-934;;;;;
MLB-CS-161;;;;;
MLB-CS-179;;;;;
MLB-CS-277;;;;;
MLB-CS-289;;;;;
MLB-CS-295;;;;;
MLB-CS-671;;;;;
MLB-CS-754;;;;;
MLB-CS-810;;;;;
MLB-CS-905;;;;;
MLB-CT-074;;;;;
MLB-CT-100;;;;;
MLB-CT-190;;;;;
MLB-CT-441;;;;;
MLB-CT-457;;;;;
MLB-CT-697;;;;;
MLB-CU-206;;;;;
MLB-CU-250;;;;;
MLB-CU-326;;;;;
MLB-CU-539;;;;;
MLB-CU-611;;;;;
MLB-CU-877;;;;;
MLB-CU-908;;;;;
MLB-CU-954;;;;;
MLB-CV-214;;;;;
MLB-CV-341;;;;;
MLB-CV-409;;;;;
MLB-CV-573;;;;;
MLB-CV-850;;;;;
MLB-CV-952;;;;;
MLB-CV-970;;;;;
MLB-CW-211;;;;;
MLB-CW-243;;;;;
MLB-CW-398;;;;;
MLB-CW-804;;;;;
MLB-CW-922;;;;;
MLB-CX-163;;;;;
MLB-CX-517;;;;;
MLB-CX-834;;;;;
MLB-CX-921;;;;;
MLB-CX-949;;;;;
MLB-CY-001;;;;;
MLB-CY-141;;;;;
MLB-CY-165;;;;;
MLB-CY-257;;;;;
MLB-CY-348;;;;;
MLB-CY-374;;;;;
MLB-CY-543;;;;;
MLB-CY-713;;;;;
MLB-CY-854;;;;;
MLB-CZ-459;;;;;
MLB-CZ-588;;;;;
MLB-CZ-686;;;;;
MLB-CZ-810;;;;;
MLB-CZ-867;;;;;
MLB-CZ-901;;;;;
MLB-CZ-926;;;;;
MLB-DA-057;;;;;
MLB-DA-158;;;;;
MLB-DA-240;;;;;
MLB-DA-282;;;;;
MLB-DA-488;;;;;
MLB-DA-489;;;;;
MLB-DA-509;;;;;
MLB-DA-623;;;;;
MLB-DA-770;;;;;
MLB-DA-963;;;;;
MLB-DB-075;;;;;
MLB-DB-510;;;;;
MLB-DB-544;;;;;
MLB-DB-557;;;;;
MLB-DB-791;;;;;
MLB-DB-980;;;;;
MLB-DC-240;;;;;
MLB-DC-470;;;;;
MLB-DC-488;;;;;
MLB-DC-491;;;;;
MLB-DC-578;;;;;
MLB-DC-602;;;;;
MLB-DC-797;;;;;
MLB-DC-946;;;;;
MLB-DD-138;;;;;
MLB-DD-583;;;;;
MLB-DD-937;;;;;
MLB-DE-002;;;;;
MLB-DE-102;;;;;
MLB-DE-409;;;;;
MLB-DE-459;;;;;
MLB-DE-484;;;;;
MLB-DE-521;;;;;
MLB-DE-656;;;;;
MLB-DE-662;;;;;
MLB-DE-682;;;;;
MLB-DE-803;;;;;
MLB-DE-954;;;;;
MLB-DF-252;;;;;
MLB-DF-288;;;;;
MLB-DF-305;;;;;
MLB-DF-372;;;;;
MLB-DF-446;;;;;
MLB-DF-545;;;;;
MLB-DF-729;;;;;
MLB-DF-772;;;;;
MLB-DF-974;;;;;
MLB-DF-998;;;;;
MLB-DG-005;;;;;
MLB-DG-319;;;;;
MLB-DG-474;;;;;
MLB-DG-609;;;;;
MLB-DG-722;;;;;
MLB-DG-890;;;;;
MLB-DH-058;;;;;
MLB-DH-099;;;;;
MLB-DH-152;;;;;
MLB-DH-171;;;;;
MLB-DH-451;;;;;
MLB-DH-476;;;;;
MLB-DH-517;;;;;
MLB-DH-601;;;;;
MLB-DH-665;;;;;
MLB-DH-754;;;;;
MLB-DH-884;;;;;
MLB-DI-241;;;;;
MLB-DI-263;;;;;
MLB-DI-447;;;;;
MLB-DI-468;;;;;
MLB-DI-504;;;;;
MLB-DI-913;;;;;
MLB-DJ-192;;;;;
MLB-DJ-204;;;;;
MLB-DJ-461;;;;;
MLB-DJ-533;;;;;
MLB-DJ-550;;;;;
MLB-DJ-748;;;;;
MLB-DJ-910;;;;;
MLB-DJ-924;;;;;
MLB-DJ-992;;;;;
MLB-DK-388;;;;;
MLB-DK-808;;;;;
MLB-DK-820;;;;;
MLB-DL-092;;;;;
MLB-DL-192;;;;;
MLB-DL-265;;;;;
MLB-DL-286;;;;;
MLB-DM-025;;;;;
MLB-DM-494;;;;;
MLB-DM-829;;;;;
MLB-DN-219;;;;;
MLB-DN-541;;;;;
MLB-DO-035;;;;;
MLB-DO-163;;;;;
MLB-DO-246;;;;;
MLB-DO-474;;;;;
MLB-DO-643;;;;;
MLB-DO-714;;;;;
MLB-DO-733;;;;;
MLB-DP-047;;;;;
MLB-DP-228;;;;;
MLB-DP-447;;;;;
MLB-DQ-005;;;;;
MLB-DQ-208;;;;;
MLB-DQ-396;;;;;
MLB-DQ-422;;;;;
MLB-DQ-467;;;;;
MLB-DQ-530;;;;;
MLB-DQ-652;;;;;
MLB-DQ-704;;;;;
MLB-DQ-794;;;;;
MLB-DQ-925;;;;;
MLB-DR-061;;;;;
MLB-DR-328;;;;;
MLB-DR-403;;;;;
MLB-DR-502;;;;;
MLB-DR-579;;;;;
MLB-DR-591;;;;;
MLB-DR-612;;;;;
MLB-DR-642;;;;;
MLB-DS-012;;;;;
MLB-DS-332;;;;;
MLB-DS-399;;;;;
MLB-DS-655;;;;;
MLB-DS-769;;;;;
MLB-DS-799;;;;;
MLB-DS-946;;;;;
MLB-DS-963;;;;;
MLB-DS-982;;;;;
MLB-DT-084;;;;;
MLB-DT-092;;;;;
MLB-DT-121;;;;;
MLB-DT-160;;;;;
MLB-DT-214;;;;;
MLB-DT-335;;;;;
MLB-DT-339;;;;;
MLB-DT-466;;;;;
MLB-DT-609;;;;;
MLB-DT-665;;;;;
MLB-DT-730;;;;;
MLB-DU-014;;;;;
MLB-DU-078;;;;;
MLB-DU-195;;;;;
MLB-DU-755;;;;;
MLB-DU-899;;;;;
MLB-DU-968;;;;;
MLB-DV-156;;;;;
MLB-DV-232;;;;;
MLB-DV-289;;;;;
MLB-DV-316;;;;;
MLB-DV-430;;;;;
MLB-DV-610;;;;;
MLB-DV-674;;;;;
MLB-DV-700;;;;;
MLB-DV-846;;;;;
MLB-DW-019;;;;;
MLB-DW-351;;;;;
MLB-DW-375;;;;;
MLB-DW-384;;;;;
MLB-DW-388;;;;;
MLB-DW-389;;;;;
MLB-DW-393;;;;;
MLB-DW-439;;;;;
MLB-DW-620;;;;;
MLB-DW-623;;;;;
MLB-DW-626;;;;;
MLB-DW-886;;;;;
MLB-DW-891;;;;;
MLB-DX-650;;;;;
MLB-DX-802;;;;;
MLB-DY-305;;;;;
MLB-DY-771;;;;;
MLB-DY-778;;;;;
MLB-DY-914;;;;;
MLB-DZ-015;;;;;
MLB-DZ-166;;;;;
MLB-DZ-175;;;;;
MLB-DZ-226;;;;;
MLB-DZ-245;;;;;
MLB-DZ-296;;;;;
MLB-DZ-643;;;;;
MLB-DZ-722;;;;;
MLB-DZ-968;;;;;
MLB-EA-004;;;;;
MLB-EA-038;;;;;
MLB-EA-253;;;;;
MLB-EA-288;;;;;
MLB-EA-325;;;;;
MLB-EA-408;;;;;
MLB-EA-554;;;;;
MLB-EA-629;;;;;
MLB-EB-012;;;;;
MLB-EB-163;;;;;
MLB-EB-209;;;;;
MLB-EB-251;;;;;
MLB-EB-266;;;;;
MLB-EB-432;;;;;
MLB-EB-527;;;;;
MLB-EB-649;;;;;
MLB-EB-718;;;;;
MLB-EB-801;;;;;
MLB-EB-932;;;;;
MLB-EB-991;;;;;
MLB-EB-997;;;;;
MLB-EB-999;;;;;
MLB-EC-214;;;;;
MLB-EC-258;;;;;
MLB-EC-422;;;;;
MLB-EC-589;;;;;
MLB-EC-771;;;;;
MLB-EC-848;;;;;
MLB-EC-878;;;;;
MLB-EC-934;;;;;
MLB-ED-090;;;;;
MLB-ED-363;;;;;
MLB-ED-466;;;;;
MLB-ED-486;;;;;
MLB-ED-508;;;;;
MLB-ED-697;;;;;
MLB-ED-833;;;;;
MLB-ED-875;;;;;
MLB-EE-279;;;;;
MLB-EE-381;;;;;
MLB-EE-570;;;;;
MLB-EE-580;;;;;
MLB-EE-701;;;;;
MLB-EE-794;;;;;
MLB-EE-901;;;;;
MLB-EE-922;;;;;
MLB-EE-943;;;;;
MLB-EF-045;;;;;
MLB-EF-086;;;;;
MLB-EF-187;;;;;
MLB-EF-416;;;;;
MLB-EF-513;;;;;
MLB-EF-719;;;;;
MLB-EF-789;;;;;
MLB-EF-807;;;;;
MLB-EF-973;;;;;
MLB-EG-273;;;;;
MLB-EG-286;;;;;
MLB-EG-290;;;;;
MLB-EG-439;;;;;
MLB-EG-568;;;;;
MLB-EG-586;;;;;
MLB-EG-641;;;;;
MLB-EH-176;;;;;
MLB-EH-213;;;;;
MLB-EH-328;;;;;
MLB-EH-359;;;;;
MLB-EH-603;;;;;
MLB-EH-744;;;;;
MLB-EH-752;;;;;
MLB-EH-854;;;;;
MLB-EI-148;;;;;
MLB-EI-488;;;;;
MLB-EI-525;;;;;
MLB-EI-704;;;;;
MLB-EI-827;;;;;
MLB-EI-851;;;;;
MLB-EI-856;;;;;
MLB-EI-894;;;;;
MLB-EJ-054;;;;;
MLB-EJ-066;;;;;
MLB-EJ-100;;;;;
MLB-EJ-154;;;;;
MLB-EJ-627;;;;;
MLB-EJ-674;;;;;
MLB-EJ-679;;;;;
MLB-EJ-683;;;;;
MLB-EJ-753;;;;;
MLB-EJ-838;;;;;
MLB-EJ-918;;;;;
MLB-EJ-988;;;;;
MLB-EK-450;;;;;
MLB-EK-485;;;;;
MLB-EK-905;;;;;
MLB-EK-955;;;;;
MLB-EK-959;;;;;
MLB-EL-008;;;;;
MLB-EL-126;;;;;
MLB-EL-136;;;;;
MLB-EL-162;;;;;
MLB-EL-288;;;;;
MLB-EL-424;;;;;
MLB-EL-796;;;;;
MLB-EM-028;;;;;
MLB-EM-073;;;;;
MLB-EM-124;;;;;
MLB-EM-131;;;;;
MLB-EM-195;;;;;
MLB-EM-690;;;;;
MLB-EM-782;;;;;
MLB-EN-068;;;;;
MLB-EN-104;;;;;
MLB-EN-196;;;;;
MLB-EN-248;;;;;
MLB-EN-702;;;;;
MLB-EN-964;;;;;
MLB-EO-094;;;;;
MLB-EO-302;;;;;
MLB-EO-387;;;;;
MLB-EO-532;;;;;
MLB-EO-549;;;;;
MLB-EO-723;;;;;
MLB-EO-940;;;;;
MLB-EO-959;;;;;
MLB-EP-159;;;;;
MLB-EP-284;;;;;
MLB-EP-645;;;;;
MLB-EP-661;;;;;
MLB-EQ-024;;;;;
MLB-EQ-231;;;;;
MLB-EQ-302;;;;;
MLB-EQ-571;;;;;
MLB-EQ-574;;;;;
MLB-EQ-709;;;;;
MLB-EQ-815;;;;;
MLB-EQ-921;;;;;
MLB-EQ-924;;;;;
MLB-ER-149;;;;;
MLB-ER-226;;;;;
MLB-ER-231;;;;;
MLB-ER-232;;;;;
MLB-ER-286;;;;;
MLB-ER-362;;;;;
MLB-ER-425;;;;;
MLB-ER-495;;;;;
MLB-ER-582;;;;;
MLB-ER-766;;;;;
MLB-ER-782;;;;;
MLB-ER-991;;;;;
MLB-ES-298;;;;;
MLB-ES-625;;;;;
MLB-ES-846;;;;;
MLB-ET-063;;;;;
MLB-ET-150;;;;;
MLB-ET-153;;;;;
MLB-ET-428;;;;;
MLB-ET-489;;;;;
MLB-ET-524;;;;;
MLB-ET-557;;;;;
MLB-ET-858;;;;;
MLB-ET-950;;;;;
MLB-EU-033;;;;;
MLB-EU-057;;;;;
MLB-EU-083;;;;;
MLB-EU-315;;;;;
MLB-EU-477;;;;;
MLB-EU-509;;;;;
MLB-EU-544;;;;;
MLB-EU-605;;;;;
MLB-EU-665;;;;;
MLB-EU-853;;;;;
MLB-EV-012;;;;;
MLB-EV-058;;;;;
MLB-EV-112;;;;;
MLB-EV-136;;;;;
MLB-EV-154;;;;;
MLB-EV-521;;;;;
MLB-EV-602;;;;;
MLB-EV-766;;;;;
MLB-EV-930;;;;;
MLB-EV-945;;;;;
MLB-EW-028;;;;;
MLB-EW-208;;;;;
MLB-EW-212;;;;;
MLB-EW-267;;;;;
MLB-EW-595;;;;;
MLB-EW-638;;;;;
MLB-EW-772;;;;;
MLB-EX-013;;;;;
MLB-EX-586;;;;;
MLB-EX-605;;;;;
MLB-EX-645;;;;;
MLB-EX-737;;;;;
MLB-EX-756;;;;;
MLB-EX-789;;;;;
MLB-EX-963;;;;;
MLB-EX-989;;;;;
MLB-EY-050;;;;;
MLB-EY-156;;;;;
MLB-EY-174;;;;;
MLB-EY-186;;;;;
MLB-EY-220;;;;;
MLB-EY-435;;;;;
MLB-EY-589;;;;;
MLB-EY-699;;;;;
MLB-EY-903;;;;;
MLB-EY-918;;;;;
MLB-EZ-017;;;;;
MLB-EZ-128;;;;;
MLB-EZ-178;;;;;
MLB-EZ-185;;;;;
MLB-EZ-279;;;;;
MLB-EZ-446;;;;;
MLB-EZ-637;;;;;
MLB-EZ-989;;;;;
MLB-FA-007;;;;;
MLB-FA-021;;;;;
MLB-FA-033;;;;;
MLB-FA-270;;;;;
MLB-FA-856;;;;;
MLB-FA-886;;;;;
MLB-FA-953;;;;;
MLB-FB-219;;;;;
MLB-FB-244;;;;;
MLB-FB-610;;;;;
MLB-FB-628;;;;;
MLB-FB-652;;;;;
MLB-FB-686;;;;;
MLB-FB-782;;;;;
MLB-FB-845;;;;;
MLB-FB-846;;;;;
MLB-FB-952;;;;;
MLB-FC-388;;;;;
MLB-FC-455;;;;;
MLB-FC-856;;;;;
MLB-FC-918;;;;;
MLB-FD-180;;;;;
MLB-FD-246;;;;;
MLB-FD-449;;;;;
MLB-FD-455;;;;;
MLB-FD-694;;;;;
MLB-FD-790;;;;;
MLB-FD-875;;;;;
MLB-FD-908;;;;;
MLB-FE-182;;;;;
MLB-FE-223;;;;;
MLB-FE-399;;;;;
MLB-FE-531;;;;;
MLB-FE-643;;;;;
MLB-FE-949;;;;;
MLB-FE-968;;;;;
MLB-FE-978;;;;;
MLB-FF-012;;;;;
MLB-FF-025;;;;;
MLB-FF-480;;;;;
MLB-FF-636;;;;;
MLB-FF-639;;;;;
MLB-FF-719;;;;;
MLB-FG-008;;;;;
MLB-FG-053;;;;;
MLB-FG-071;;;;;
MLB-FG-171;;;;;
MLB-FG-224;;;;;
MLB-FG-287;;;;;
MLB-FG-418;;;;;
MLB-FG-472;;;;;
MLB-FG-573;;;;;
MLB-FG-610;;;;;
MLB-FG-857;;;;;
MLB-FH-005;;;;;
MLB-FH-039;;;;;
MLB-FH-060;;;;;
MLB-FH-096;;;;;
MLB-FH-132;;;;;
MLB-FH-253;;;;;
MLB-FH-456;;;;;
MLB-FH-757;;;;;
MLB-FH-808;;;;;
MLB-FI-124;;;;;
MLB-FI-425;;;;;
MLB-FI-429;;;;;
MLB-FI-923;;;;;
MLB-FJ-470;;;;;
MLB-FJ-579;;;;;
MLB-FJ-779;;;;;
MLB-FJ-867;;;;;
MLB-FK-341;;;;;
MLB-FK-399;;;;;
MLB-FK-547;;;;;
MLB-FK-849;;;;;
MLB-FK-970;;;;;
MLB-FL-028;;;;;
MLB-FL-088;;;;;
MLB-FL-131;;;;;
MLB-FL-177;;;;;
MLB-FL-360;;;;;
MLB-FL-399;;;;;
MLB-FL-475;;;;;
MLB-FL-499;;;;;
MLB-FL-648;;;;;
MLB-FL-715;;;;;
MLB-FM-125;;;;;
MLB-FM-749;;;;;
MLB-FN-360;;;;;
MLB-FN-394;;;;;
MLB-FN-428;;;;;
MLB-FN-551;;;;;
MLB-FN-622;;;;;
MLB-FN-764;;;;;
MLB-FN-963;;;;;
MLB-FO-007;;;;;
MLB-FO-098;;;;;
MLB-FO-450;;;;;
MLB-FO-614;;;;;
MLB-FO-889;;;;;
MLB-FO-904;;;;;
MLB-FO-918;;;;;
MLB-FP-398;;;;;
MLB-FP-465;;;;;
MLB-FP-467;;;;;
MLB-FP-662;;;;;
MLB-FP-720;;;;;
MLB-FP-876;;;;;
MLB-FQ-049;;;;;
MLB-FQ-056;;;;;
MLB-FQ-464;;;;;
MLB-FQ-949;;;;;
MLB-FR-004;;;;;
MLB-FR-176;;;;;
MLB-FR-510;;;;;
MLB-FR-543;;;;;
MLB-FR-567;;;;;
MLB-FR-598;;;;;
MLB-FR-720;;;;;
MLB-FS-023;;;;;
MLB-FS-025;;;;;
MLB-FS-034;;;;;
MLB-FS-227;;;;;
MLB-FS-442;;;;;
MLB-FS-451;;;;;
MLB-FS-481;;;;;
MLB-FS-878;;;;;
MLB-FS-981;;;;;
MLB-FT-289;;;;;
MLB-FT-459;;;;;
MLB-FT-758;;;;;
MLB-FU-012;;;;;
MLB-FU-256;;;;;
MLB-FU-321;;;;;
MLB-FU-452;;;;;
MLB-FU-939;;;;;
MLB-FV-019;;;;;
MLB-FV-042;;;;;
MLB-FV-082;;;;;
MLB-FV-450;;;;;
MLB-FV-556;;;;;
MLB-FV-621;;;;;
MLB-FV-625;;;;;
MLB-FV-651;;;;;
MLB-FV-780;;;;;
MLB-FV-895;;;;;
MLB-FW-151;;;;;
MLB-FW-428;;;;;
MLB-FW-944;;;;;
MLB-FX-066;;;;;
MLB-FX-227;;;;;
MLB-FX-284;;;;;
MLB-FX-323;;;;;
MLB-FX-399;;;;;
MLB-FX-435;;;;;
MLB-FX-788;;;;;
MLB-FY-222;;;;;
MLB-FY-458;;;;;
MLB-FY-730;;;;;
MLB-FY-864;;;;;
MLB-FY-878;;;;;
MLB-FZ-002;;;;;
MLB-FZ-009;;;;;
MLB-FZ-056;;;;;
MLB-FZ-058;;;;;
MLB-FZ-138;;;;;
MLB-FZ-285;;;;;
MLB-FZ-398;;;;;
MLB-FZ-443;;;;;
MLB-FZ-637;;;;;
MLB-FZ-675;;;;;
MLB-GA-058;;;;;
MLB-GA-153;;;;;
MLB-GA-253;;;;;
MLB-GA-280;;;;;
MLB-GA-427;;;;;
MLB-GA-528;;;;;
MLB-GA-596;;;;;
MLB-GA-695;;;;;
MLB-GA-749;;;;;
MLB-GA-910;;;;;
MLB-GA-923;;;;;
MLB-GB-201;;;;;
MLB-GB-218;;;;;
MLB-GB-267;;;;;
MLB-GB-498;;;;;
MLB-GB-592;;;;;
MLB-GB-625;;;;;
MLB-GB-782;;;;;
MLB-GC-051;;;;;
MLB-GC-165;;;;;
MLB-GC-182;;;;;
MLB-GC-369;;;;;
MLB-GC-405;;;;;
MLB-GC-475;;;;;
MLB-GC-490;;;;;
MLB-GD-363;;;;;
MLB-GD-407;;;;;
MLB-GD-717;;;;;
MLB-GD-744;;;;;
MLB-GD-913;;;;;
MLB-GD-966;;;;;
MLB-GD-998;;;;;
MLB-GE-075;;;;;
MLB-GE-139;;;;;
MLB-GE-238;;;;;
MLB-GE-304;;;;;
MLB-GE-415;;;;;
MLB-GE-589;;;;;
MLB-GE-793;;;;;
MLB-GE-827;;;;;
MLB-GE-916;;;;;
MLB-GF-071;;;;;
MLB-GF-091;;;;;
MLB-GF-192;;;;;
MLB-GF-407;;;;;
MLB-GF-612;;;;;
MLB-GF-620;;;;;
MLB-GF-892;;;;;
MLB-GG-024;;;;;
MLB-GG-269;;;;;
MLB-GG-607;;;;;
MLB-GG-654;;;;;
MLB-GG-668;;;;;
MLB-GG-693;;;;;
MLB-GG-775;;;;;
MLB-GG-832;;;;;
MLB-GH-075;;;;;
MLB-GH-372;;;;;
MLB-GH-393;;;;;
MLB-GH-448;;;;;
MLB-GH-456;;;;;
MLB-GH-477;;;;;
MLB-GH-553;;;;;
MLB-GH-619;;;;;
MLB-GH-638;;;;;
MLB-GH-682;;;;;
MLB-GH-768;;;;;
MLB-GH-853;;;;;
MLB-GH-926;;;;;
MLB-GH-972;;;;;
MLB-GI-039;;;;;
MLB-GI-059;;;;;
MLB-GI-096;;;;;
MLB-GI-367;;;;;
MLB-GI-469;;;;;
MLB-GI-633;;;;;
MLB-GI-860;;;;;
MLB-GI-871;;;;;
MLB-GJ-087;;;;;
MLB-GJ-409;;;;;
MLB-GJ-423;;;;;
MLB-GJ-780;;;;;
MLB-GJ-940;;;;;
MLB-GJ-959;;;;;
MLB-GK-061;;;;;
MLB-GK-230;;;;;
MLB-GK-246;;;;;
MLB-GK-533;;;;;
MLB-GK-584;;;;;
MLB-GK-701;;;;;
MLB-GK-766;;;;;
MLB-GK-783;;;;;
MLB-GK-908;;;;;
MLB-GK-975;;;;;
MLB-GL-022;;;;;
MLB-GL-258;;;;;
MLB-GL-432;;;;;
MLB-GL-452;;;;;
MLB-GL-577;;;;;
MLB-GL-618;;;;;
MLB-GL-994;;;;;
MLB-GM-096;;;;;
MLB-GM-173;;;;;
MLB-GM-416;;;;;
MLB-GM-556;;;;;
MLB-GM-909;;;;;
MLB-GM-970;;;;;
MLB-GM-981;;;;;
MLB-GN-139;;;;;
MLB-GN-311;;;;;
MLB-GN-393;;;;;
MLB-GN-429;;;;;
MLB-GN-455;;;;;
MLB-GN-609;;;;;
MLB-GN-687;;;;;
MLB-GN-817;;;;;
MLB-GN-870;;;;;
MLB-GO-191;;;;;
MLB-GO-246;;;;;
MLB-GO-494;;;;;
MLB-GO-905;;;;;
MLB-GO-932;;;;;
MLB-GO-941;;;;;
MLB-GP-100;;;;;
MLB-GP-373;;;;;
MLB-GP-401;;;;;
MLB-GP-410;;;;;
MLB-GP-672;;;;;
MLB-GP-748;;;;;
MLB-GP-764;;;;;
MLB-GP-967;;;;;
MLB-GQ-018;;;;;
MLB-GQ-023;;;;;
MLB-GQ-176;;;;;
MLB-GQ-199;;;;;
MLB-GQ-286;;;;;
MLB-GQ-307;;;;;
MLB-GQ-492;;;;;
MLB-GQ-513;;;;;
MLB-GQ-878;;;;;
MLB-GR-147;;;;;
MLB-GR-202;;;;;
MLB-GR-206;;;;;
MLB-GR-327;;;;;
MLB-GR-434;;;;;
MLB-GR-448;;;;;
MLB-GR-712;;;;;
MLB-GR-789;;;;;
MLB-GR-807;;;;;
MLB-GS-221;;;;;
MLB-GS-423;;;;;
MLB-GS-476;;;;;
MLB-GS-621;;;;;
MLB-GS-680;;;;;
MLB-GS-775;;;;;
MLB-GS-950;;;;;
MLB-GS-951;;;;;
MLB-GT-011;;;;;
MLB-GT-172;;;;;
MLB-GT-250;;;;;
MLB-GT-254;;;;;
MLB-GT-665;;;;;
MLB-GT-816;;;;;
MLB-GT-857;;;;;
MLB-GT-957;;;;;
MLB-GT-989;;;;;
MLB-GU-021;;;;;
MLB-GU-025;;;;;
MLB-GU-067;;;;;
MLB-GU-116;;;;;
MLB-GU-261;;;;;
MLB-GU-397;;;;;
MLB-GU-761;;;;;
MLB-GU-821;;;;;
MLB-GU-827;;;;;
MLB-GU-831;;;;;
MLB-GU-852;;;;;
MLB-GV-082;;;;;
MLB-GV-292;;;;;
MLB-GV-315;;;;;
MLB-GV-555;;;;;
MLB-GV-646;;;;;
MLB-GV-842;;;;;
MLB-GW-008;;;;;
MLB-GW-104;;;;;
MLB-GW-232;;;;;
MLB-GW-337;;;;;
MLB-GW-422;;;;;
MLB-GW-735;;;;;
MLB-GW-871;;;;;
MLB-GW-936;;;;;
MLB-GX-058;;;;;
MLB-GX-158;;;;;
MLB-GX-262;;;;;
MLB-GX-317;;;;;
MLB-GX-352;;;;;
MLB-GX-675;;;;;
MLB-GX-832;;;;;
MLB-GX-862;;;;;
MLB-GY-264;;;;;
MLB-GY-377;;;;;
MLB-GY-440;;;;;
MLB-GY-786;;;;;
MLB-GY-914;;;;;
MLB-GY-954;;;;;
MLB-GZ-201;;;;;
MLB-GZ-356;;;;;
MLB-GZ-391;;;;;
MLB-GZ-423;;;;;
MLB-GZ-486;;;;;
MLB-GZ-556;;;;;
MLB-GZ-712;;;;;
MLB-GZ-903;;;;;
MLB-GZ-912;;;;;
MLB-GZ-974;;;;;
MLB-HA-142;;;;;
MLB-HA-171;;;;;
MLB-HA-687;;;;;
MLB-HA-778;;;;;
MLB-HA-789;;;;;
MLB-HA-939;;;;;
MLB-HB-028;;;;;
MLB-HB-142;;;;;
MLB-HB-238;;;;;
MLB-HB-505;;;;;
MLB-HB-523;;;;;
MLB-HB-669;;;;;
MLB-HB-786;;;;;
MLB-HB-850;;;;;
MLB-HC-148;;;;;
MLB-HC-157;;;;;
MLB-HC-266;;;;;
MLB-HC-499;;;;;
MLB-HC-565;;;;;
MLB-HC-673;;;;;
MLB-HC-949;;;;;
MLB-HD-044;;;;;
MLB-HD-062;;;;;
MLB-HD-078;;;;;
MLB-HD-106;;;;;
MLB-HD-217;;;;;
MLB-HD-583;;;;;
MLB-HD-613;;;;;
MLB-HD-741;;;;;
MLB-HD-877;;;;;
MLB-HD-919;;;;;
MLB-HE-037;;;;;
MLB-HE-231;;;;;
MLB-HE-521;;;;;
MLB-HE-636;;;;;
MLB-HE-805;;;;;
MLB-HF-336;;;;;
MLB-HF-438;;;;;
MLB-HF-462;;;;;
MLB-HF-544;;;;;
MLB-HF-676;;;;;
MLB-HF-906;;;;;
MLB-HF-929;;;;;
MLB-HG-485;;;;;
MLB-HH-355;;;;;
MLB-HH-506;;;;;
MLB-HH-638;;;;;
MLB-HH-673;;;;;
MLB-HH-674;;;;;
MLB-HH-706;;;;;
MLB-HH-708;;;;;
MLB-HH-892;;;;;
MLB-HH-977;;;;;
MLB-HH-978;;;;;
MLB-HI-175;;;;;
MLB-HI-421;;;;;
MLB-HI-709;;;;;
MLB-HI-737;;;;;
MLB-HI-788;;;;;
MLB-HI-796;;;;;
MLB-HI-819;;;;;
MLB-HI-919;;;;;
MLB-HI-954;;;;;
MLB-HJ-100;;;;;
MLB-HJ-149;;;;;
MLB-HJ-157;;;;;
MLB-HJ-167;;;;;
MLB-HJ-213;;;;;
MLB-HJ-356;;;;;
MLB-HJ-630;;;;;
MLB-HJ-768;;;;;
MLB-HK-316;;;;;
MLB-HK-785;;;;;
MLB-HK-893;;;;;
MLB-HK-952;;;;;
MLB-HL-008;;;;;
MLB-HL-011;;;;;
MLB-HL-077;;;;;
MLB-HL-194;;;;;
MLB-HL-579;;;;;
MLB-HL-654;;;;;
MLB-HL-839;;;;;
MLB-HL-858;;;;;
MLB-HL-965;;;;;
MLB-HM-065;;;;;
MLB-HM-080;;;;;
MLB-HM-382;;;;;
MLB-HM-554;;;;;
MLB-HM-641;;;;;
MLB-HM-887;;;;;
MLB-HN-005;;;;;
MLB-HN-174;;;;;
MLB-HN-176;;;;;
MLB-HN-297;;;;;
MLB-HN-836;;;;;
MLB-HO-180;;;;;
MLB-HO-331;;;;;
MLB-HO-333;;;;;
MLB-HO-336;;;;;
MLB-HO-435;;;;;
MLB-HO-504;;;;;
MLB-HO-722;;;;;
MLB-HO-892;;;;;
MLB-HP-202;;;;;
MLB-HP-260;;;;;
MLB-HP-308;;;;;
MLB-HP-346;;;;;
MLB-HP-515;;;;;
MLB-HP-529;;;;;
MLB-HP-555;;;;;
MLB-HP-568;;;;;
MLB-HP-875;;;;;
MLB-HQ-046;;;;;
MLB-HQ-560;;;;;
MLB-HQ-723;;;;;
MLB-HR-053;;;;;
MLB-HR-363;;;;;
MLB-HR-635;;;;;
MLB-HR-684;;;;;
MLB-HR-742;;;;;
MLB-HR-933;;;;;
MLB-HS-077;;;;;
MLB-HS-182;;;;;
MLB-HS-198;;;;;
MLB-HS-413;;;;;
MLB-HS-434;;;;;
MLB-HS-447;;;;;
MLB-HS-459;;;;;
MLB-HS-863;;;;;
MLB-HT-283;;;;;
MLB-HT-344;;;;;
MLB-HT-583;;;;;
MLB-HT-774;;;;;
MLB-HU-063;;;;;
MLB-HU-129;;;;;
MLB-HU-203;;;;;
MLB-HU-348;;;;;
MLB-HU-479;;;;;
MLB-HU-688;;;;;
MLB-HV-249;;;;;
MLB-HV-253;;;;;
MLB-HV-332;;;;;
MLB-HV-999;;;;;
MLB-HW-101;;;;;
MLB-HW-163;;;;;
MLB-HW-527;;;;;
MLB-HW-634;;;;;
MLB-HW-665;;;;;
MLB-HX-064;;;;;
MLB-HX-369;;;;;
MLB-HX-412;;;;;
MLB-HX-797;;;;;
MLB-HX-838;;;;;
MLB-HY-184;;;;;
MLB-HY-288;;;;;
MLB-HY-298;;;;;
MLB-HY-343;;;;;
MLB-HY-495;;;;;
MLB-HY-504;;;;;
MLB-HZ-731;;;;;
MLB-HZ-786;;;;;
MLB-HZ-924;;;;;
MLB-HZ-962;;;;;
MLB-IA-222;;;;;
MLB-IA-262;;;;;
MLB-IA-299;;;;;
MLB-IA-547;;;;;
MLB-IA-695;;;;;
MLB-IA-726;;;;;
MLB-IA-758;;;;;
MLB-IA-785;;;;;
MLB-IB-049;;;;;
MLB-IB-211;;;;;
MLB-IB-334;;;;;
MLB-IB-628;;;;;
MLB-IB-858;;;;;
MLB-IC-193;;;;;
MLB-IC-198;;;;;
MLB-IC-278;;;;;
MLB-IC-414;;;;;
MLB-IC-495;;;;;
MLB-IC-617;;;;;
MLB-IC-656;;;;;
MLB-IC-704;;;;;
MLB-ID-082;;;;;
MLB-ID-388;;;;;
MLB-ID-415;;;;;
MLB-ID-573;;;;;
MLB-ID-689;;;;;
MLB-ID-818;;;;;
MLB-IE-011;;;;;
MLB-IE-090;;;;;
MLB-IE-166;;;;;
MLB-IE-303;;;;;
MLB-IE-589;;;;;
MLB-IE-763;;;;;
MLB-IF-166;;;;;
MLB-IF-413;;;;;
MLB-IF-617;;;;;
MLB-IF-618;;;;;
MLB-IF-766;;;;;
MLB-IF-828;;;;;
MLB-IF-836;;;;;
MLB-IG-398;;;;;
MLB-IG-409;;;;;
MLB-IG-455;;;;;
MLB-IG-707;;;;;
MLB-IG-785;;;;;
MLB-IG-799;;;;;
MLB-IG-852;;;;;
MLB-IH-211;;;;;
MLB-IH-347;;;;;
MLB-IH-840;;;;;
MLB-II-064;;;;;
MLB-II-752;;;;;
MLB-II-799;;;;;
MLB-II-820;;;;;
MLB-II-976;;;;;
MLB-IJ-206;;;;;
MLB-IJ-551;;;;;
MLB-IJ-892;;;;;
MLB-IJ-913;;;;;
MLB-IK-021;;;;;
MLB-IK-174;;;;;
MLB-IK-388;;;;;
MLB-IK-429;;;;;
MLB-IK-515;;;;;
MLB-IK-518;;;;;
MLB-IK-780;;;;;
MLB-IK-991;;;;;
MLB-IL-308;;;;;
MLB-IL-391;;;;;
MLB-IL-556;;;;;
MLB-IL-681;;;;;
MLB-IL-844;;;;;
MLB-IM-014;;;;;
MLB-IM-036;;;;;
MLB-IM-090;;;;;
MLB-IM-290;;;;;
MLB-IM-317;;;;;
MLB-IM-481;;;;;
MLB-IM-511;;;;;
MLB-IM-726;;;;;
MLB-IM-883;;;;;
MLB-IN-270;;;;;
MLB-IN-500;;;;;
MLB-IN-540;;;;;
MLB-IN-651;;;;;
MLB-IN-786;;;;;
MLB-IO-042;;;;;
MLB-IO-101;;;;;
MLB-IO-121;;;;;
MLB-IO-319;;;;;
MLB-IO-362;;;;;
MLB-IO-459;;;;;
MLB-IO-719;;;;;
MLB-IO-811;;;;;
MLB-IP-077;;;;;
MLB-IP-490;;;;;
MLB-IP-678;;;;;
MLB-IP-720;;;;;
MLB-IP-824;;;;;
MLB-IP-991;;;;;
MLB-IQ-323;;;;;
MLB-IQ-663;;;;;
MLB-IR-000;;;;;
MLB-IR-011;;;;;
MLB-IR-055;;;;;
MLB-IR-196;;;;;
MLB-IR-197;;;;;
MLB-IR-235;;;;;
MLB-IR-375;;;;;
MLB-IR-457;;;;;
MLB-IR-512;;;;;
MLB-IR-516;;;;;
MLB-IR-567;;;;;
MLB-IR-643;;;;;
MLB-IR-673;;;;;
MLB-IR-857;;;;;
MLB-IR-899;;;;;
MLB-IS-034;;;;;
MLB-IS-193;;;;;
MLB-IS-258;;;;;
MLB-IS-434;;;;;
MLB-IS-466;;;;;
MLB-IS-682;;;;;
MLB-IS-722;;;;;
MLB-IS-910;;;;;
MLB-IS-920;;;;;
MLB-IT-055;;;;;
MLB-IT-301;;;;;
MLB-IT-341;;;;;
MLB-IT-438;;;;;
MLB-IT-650;;;;;
MLB-IT-657;;;;;
MLB-IT-899;;;;;
MLB-IU-241;;;;;
MLB-IU-514;;;;;
MLB-IU-523;;;;;
MLB-IU-544;;;;;
MLB-IU-617;;;;;
MLB-IU-622;;;;;
MLB-IV-188;;;;;
MLB-IV-214;;;;;
MLB-IV-268;;;;;
MLB-IV-298;;;;;
MLB-IV-426;;;;;
MLB-IV-856;;;;;
MLB-IV-912;;;;;
MLB-IW-331;;;;;
MLB-IW-682;;;;;
MLB-IW-703;;;;;
MLB-IW-956;;;;;
MLB-IX-002;;;;;
MLB-IX-054;;;;;
MLB-IX-239;;;;;
MLB-IX-346;;;;;
MLB-IX-493;;;;;
MLB-IX-655;;;;;
MLB-IX-692;;;;;
MLB-IX-906;;;;;
MLB-IY-352;;;;;
MLB-IY-519;;;;;
MLB-IY-651;;;;;
MLB-IY-687;;;;;
MLB-IY-779;;;;;
MLB-IY-894;;;;;
MLB-IY-961;;;;;
MLB-IZ-002;;;;;
MLB-IZ-009;;;;;
MLB-IZ-359;;;;;
MLB-IZ-459;;;;;
MLB-IZ-608;;;;;
MLB-IZ-831;;;;;
MLB-JA-026;;;;;
MLB-JA-029;;;;;
MLB-JA-156;;;;;
MLB-JA-181;;;;;
MLB-JA-247;;;;;
MLB-JA-418;;;;;
MLB-JA-419;;;;;
MLB-JA-566;;;;;
MLB-JA-672;;;;;
MLB-JB-037;;;;;
MLB-JB-351;;;;;
MLB-JB-476;;;;;
MLB-JB-739;;;;;
MLB-JB-779;;;;;
MLB-JB-922;;;;;
MLB-JB-970;;;;;
MLB-JC-005;;;;;
MLB-JC-634;;;;;
MLB-JC-655;;;;;
MLB-JC-659;;;;;
MLB-JC-763;;;;;
MLB-JC-860;;;;;
MLB-JC-967;;;;;
MLB-JD-056;;;;;
MLB-JD-127;;;;;
MLB-JD-267;;;;;
MLB-JD-466;;;;;
MLB-JD-586;;;;;
MLB-JD-589;;;;;
MLB-JD-729;;;;;
MLB-JD-735;;;;;
MLB-JD-821;;;;;
MLB-JD-843;;;;;
MLB-JD-860;;;;;
MLB-JD-873;;;;;
MLB-JD-994;;;;;
MLB-JE-166;;;;;
MLB-JE-203;;;;;
MLB-JE-221;;;;;
MLB-JE-305;;;;;
MLB-JE-384;;;;;
MLB-JE-543;;;;;
MLB-JF-221;;;;;
MLB-JF-604;;;;;
MLB-JF-929;;;;;
MLB-JG-048;;;;;
MLB-JG-072;;;;;
MLB-JG-076;;;;;
MLB-JG-145;;;;;
MLB-JG-522;;;;;
MLB-JG-623;;;;;
MLB-JG-686;;;;;
MLB-JH-270;;;;;
MLB-JH-353;;;;;
MLB-JH-357;;;;;
MLB-JH-370;;;;;
MLB-JH-426;;;;;
MLB-JH-678;;;;;
MLB-JH-755;;;;;
MLB-JI-025;;;;;
MLB-JI-146;;;;;
MLB-JI-194;;;;;
MLB-JI-237;;;;;
MLB-JI-301;;;;;
MLB-JI-425;;;;;
MLB-JI-438;;;;;
MLB-JI-664;;;;;
MLB-JI-836;;;;;
MLB-JJ-039;;;;;
MLB-JJ-099;;;;;
MLB-JJ-107;;;;;
MLB-JJ-121;;;;;
MLB-JJ-164;;;;;
MLB-JJ-423;;;;;
MLB-JJ-597;;;;;
MLB-JJ-642;;;;;
MLB-JJ-774;;;;;
MLB-JK-261;;;;;
MLB-JK-332;;;;;
MLB-JK-335;;;;;
MLB-JK-758;;;;;
MLB-JK-874;;;;;
MLB-JK-909;;;;;
MLB-JK-957;;;;;
MLB-JL-141;;;;;
MLB-JL-239;;;;;
MLB-JL-263;;;;;
MLB-JL-283;;;;;
MLB-JL-544;;;;;
MLB-JL-724;;;;;
MLB-JL-734;;;;;
MLB-JL-897;;;;;
MLB-JM-073;;;;;
MLB-JM-132;;;;;
MLB-JM-147;;;;;
MLB-JM-252;;;;;
MLB-JM-325;;;;;
MLB-JM-420;;;;;
MLB-JM-530;;;;;
MLB-JM-863;;;;;
MLB-JM-897;;;;;
MLB-JM-899;;;;;
MLB-JN-001;;;;;
MLB-JN-009;;;;;
MLB-JN-103;;;;;
MLB-JN-254;;;;;
MLB-JN-815;;;;;
MLB-JO-226;;;;;
MLB-JO-282;;;;;
MLB-JO-336;;;;;
MLB-JO-370;;;;;
MLB-JO-391;;;;;
MLB-JO-407;;;;;
MLB-JO-472;;;;;
MLB-JO-484;;;;;
MLB-JO-564;;;;;
MLB-JO-684;;;;;
MLB-JO-729;;;;;
MLB-JO-897;;;;;
MLB-JO-969;;;;;
MLB-JP-227;;;;;
MLB-JP-316;;;;;
MLB-JP-350;;;;;
MLB-JP-504;;;;;
MLB-JP-512;;;;;
MLB-JP-747;;;;;
MLB-JQ-252;;;;;
MLB-JQ-263;;;;;
MLB-JQ-431;;;;;
MLB-JQ-537;;;;;
MLB-JQ-574;;;;;
MLB-JQ-705;;;;;
MLB-JR-049;;;;;
MLB-JR-327;;;;;
MLB-JR-376;;;;;
MLB-JR-502;;;;;
MLB-JR-680;;;;;
MLB-JS-006;;;;;
MLB-JS-058;;;;;
MLB-JS-127;;;;;
MLB-JS-486;;;;;
MLB-JS-716;;;;;
MLB-JT-076;;;;;
MLB-JT-123;;;;;
MLB-JT-645;;;;;
MLB-JU-056;;;;;
MLB-JU-133;;;;;
MLB-JU-360;;;;;
MLB-JU-414;;;;;
MLB-JU-431;;;;;
MLB-JU-636;;;;;
MLB-JU-657;;;;;
MLB-JU-754;;;;;
MLB-JU-828;;;;;
MLB-JV-090;;;;;
MLB-JV-509;;;;;
MLB-JV-623;;;;;
MLB-JV-841;;;;;
MLB-JV-995;;;;;
MLB-JW-005;;;;;
MLB-JW-020;;;;;
MLB-JW-386;;;;;
MLB-JW-463;;;;;
MLB-JW-541;;;;;
MLB-JW-842;;;;;
MLB-JW-951;;;;;
MLB-JW-979;;;;;
MLB-JX-087;;;;;
MLB-JX-278;;;;;
MLB-JX-353;;;;;
MLB-JX-405;;;;;
MLB-JX-479;;;;;
MLB-JX-664;;;;;
MLB-JX-720;;;;;
MLB-JX-939;;;;;
MLB-JY-008;;;;;
MLB-JY-050;;;;;
MLB-JY-420;;;;;
MLB-JY-601;;;;;
MLB-JY-879;;;;;
MLB-JZ-207;;;;;
MLB-JZ-454;;;;;
MLB-JZ-734;;;;;
MLB-JZ-946;;;;;
MLB-KA-175;;;;;
MLB-KA-226;;;;;
MLB-KA-235;;;;;
MLB-KA-800;;;;;
MLB-KA-805;;;;;
MLB-KA-846;;;;;
MLB-KA-903;;;;;
MLB-KA-908;;;;;
MLB-KB-053;;;;;
MLB-KB-494;;;;;
MLB-KB-697;;;;;
MLB-KB-749;;;;;
MLB-KB-947;;;;;
MLB-KC-192;;;;;
MLB-KC-988;;;;;
MLB-KD-022;;;;;
MLB-KD-134;;;;;
MLB-KD-180;;;;;
MLB-KD-181;;;;;
MLB-KD-200;;;;;
MLB-KD-445;;;;;
MLB-KD-508;;;;;
MLB-KD-582;;;;;
MLB-KD-666;;;;;
MLB-KD-693;;;;;
MLB-KE-155;;;;;
MLB-KE-241;;;;;
MLB-KE-247;;;;;
MLB-KE-387;;;;;
MLB-KE-404;;;;;
MLB-KE-405;;;;;
MLB-KE-495;;;;;
MLB-KE-746;;;;;
MLB-KE-810;;;;;
MLB-KF-252;;;;;
MLB-KF-392;;;;;
MLB-KF-412;;;;;
MLB-KF-578;;;;;
MLB-KF-786;;;;;
MLB-KF-902;;;;;
MLB-KG-135;;;;;
MLB-KG-147;;;;;
MLB-KG-709;;;;;
MLB-KG-891;;;;;
MLB-KH-415;;;;;
MLB-KH-473;;;;;
MLB-KH-881;;;;;
MLB-KI-032;;;;;
MLB-KI-306;;;;;
MLB-KI-416;;;;;
MLB-KI-526;;;;;
MLB-KI-641;;;;;
MLB-KI-827;;;;;
MLB-KI-874;;;;;
MLB-KJ-059;;;;;
MLB-KJ-304;;;;;
MLB-KJ-351;;;;;
MLB-KJ-372;;;;;
MLB-KJ-450;;;;;
MLB-KJ-458;;;;;
MLB-KJ-756;;;;;
MLB-KK-683;;;;;
MLB-KK-884;;;;;
MLB-KK-897;;;;;
MLB-KK-943;;;;;
MLB-KL-052;;;;;
MLB-KL-114;;;;;
MLB-KL-187;;;;;
MLB-KL-367;;;;;
MLB-KL-548;;;;;
MLB-KL-555;;;;;
MLB-KL-608;;;;;
MLB-KM-016;;;;;
MLB-KM-161;;;;;
MLB-KM-263;;;;;
MLB-KM-375;;;;;
MLB-KM-435;;;;;
MLB-KM-438;;;;;
MLB-KM-449;;;;;
MLB-KM-530;;;;;
MLB-KM-542;;;;;
MLB-KM-685;;;;;
MLB-KM-735;;;;;
MLB-KM-816;;;;;
MLB-KN-072;;;;;
MLB-KN-085;;;;;
MLB-KN-111;;;;;
MLB-KN-127;;;;;
MLB-KN-239;;;;;
MLB-KN-267;;;;;
MLB-KN-280;;;;;
MLB-KN-613;;;;;
MLB-KN-663;;;;;
MLB-KN-744;;;;;
MLB-KN-810;;;;;
MLB-KN-924;;;;;
MLB-KN-974;;;;;
MLB-KO-111;;;;;
MLB-KO-396;;;;;
MLB-KO-459;;;;;
MLB-KO-578;;;;;
MLB-KO-601;;;;;
MLB-KO-714;;;;;
MLB-KO-831;;;;;
MLB-KO-957;;;;;
MLB-KP-091;;;;;
MLB-KP-109;;;;;
MLB-KP-152;;;;;
MLB-KP-181;;;;;
MLB-KP-369;;;;;
MLB-KP-468;;;;;
MLB-KP-560;;;;;
MLB-KP-602;;;;;
MLB-KP-619;;;;;
MLB-KP-621;;;;;
MLB-KP-809;;;;;
MLB-KP-904;;;;;
MLB-KQ-114;;;;;
MLB-KQ-379;;;;;
MLB-KQ-387;;;;;
MLB-KQ-400;;;;;
MLB-KQ-402;;;;;
MLB-KQ-531;;;;;
MLB-KQ-551;;;;;
MLB-KQ-650;;;;;
MLB-KQ-833;;;;;
MLB-KQ-848;;;;;
MLB-KQ-859;;;;;
MLB-KQ-884;;;;;
MLB-KR-102;;;;;
MLB-KR-581;;;;;
MLB-KR-602;;;;;
MLB-KR-760;;;;;
MLB-KR-855;;;;;
MLB-KR-978;;;;;
MLB-KR-987;;;;;
MLB-KS-019;;;;;
MLB-KS-130;;;;;
MLB-KS-138;;;;;
MLB-KS-192;;;;;
MLB-KS-316;;;;;
MLB-KS-408;;;;;
MLB-KS-419;;;;;
MLB-KS-491;;;;;
MLB-KS-759;;;;;
MLB-KT-045;;;;;
MLB-KT-173;;;;;
MLB-KT-341;;;;;
MLB-KT-400;;;;;
MLB-KT-535;;;;;
MLB-KT-637;;;;;
MLB-KT-718;;;;;
MLB-KT-814;;;;;
MLB-KT-850;;;;;
MLB-KU-008;;;;;
MLB-KU-285;;;;;
MLB-KU-356;;;;;
MLB-KU-419;;;;;
MLB-KU-501;;;;;
MLB-KU-546;;;;;
MLB-KU-813;;;;;
MLB-KU-912;;;;;
MLB-KU-943;;;;;
MLB-KV-150;;;;;
MLB-KV-167;;;;;
MLB-KV-252;;;;;
MLB-KV-277;;;;;
MLB-KV-425;;;;;
MLB-KV-486;;;;;
MLB-KV-590;;;;;
MLB-KV-993;;;;;
MLB-KW-020;;;;;
MLB-KW-231;;;;;
MLB-KW-531;;;;;
MLB-KW-699;;;;;
MLB-KW-753;;;;;
MLB-KW-911;;;;;
MLB-KW-965;;;;;
MLB-KW-979;;;;;
MLB-KW-992;;;;;
MLB-KX-143;;;;;
MLB-KX-219;;;;;
MLB-KX-504;;;;;
MLB-KX-926;;;;;
MLB-KX-928;;;;;
MLB-KY-024;;;;;
MLB-KY-072;;;;;
MLB-KY-076;;;;;
MLB-KY-156;;;;;
MLB-KY-234;;;;;
MLB-KY-301;;;;;
MLB-KY-354;;;;;
MLB-KY-474;;;;;
MLB-KY-493;;;;;
MLB-KY-531;;;;;
MLB-KY-817;;;;;
MLB-KZ-285;;;;;
MLB-KZ-320;;;;;
MLB-KZ-401;;;;;
MLB-KZ-608;;;;;
MLB-KZ-762;;;;;
MLB-KZ-789;;;;;
MLB-LA-100;;;;;
MLB-LA-450;;;;;
MLB-LA-540;;;;;
MLB-LA-673;;;;;
MLB-LB-143;;;;;
MLB-LB-174;;;;;
MLB-LB-796;;;;;
MLB-LB-875;;;;;
MLB-LC-005;;;;;
MLB-LC-308;;;;;
MLB-LC-477;;;;;
MLB-LC-571;;;;;
MLB-LC-602;;;;;
MLB-LC-685;;;;;
MLB-LC-753;;;;;
MLB-LC-834;;;;;
MLB-LD-294;;;;;
MLB-LD-310;;;;;
MLB-LD-318;;;;;
MLB-LD-381;;;;;
MLB-LD-720;;;;;
MLB-LD-837;;;;;
MLB-LD-957;;;;;
MLB-LE-030;;;;;
MLB-LE-045;;;;;
MLB-LE-111;;;;;
MLB-LE-202;;;;;
MLB-LE-215;;;;;
MLB-LE-241;;;;;
MLB-LE-345;;;;;
MLB-LE-866;;;;;
MLB-LE-936;;;;;
MLB-LF-080;;;;;
MLB-LF-227;;;;;
MLB-LF-310;;;;;
MLB-LF-409;;;;;
MLB-LF-600;;;;;
MLB-LF-750;;;;;
MLB-LF-759;;;;;
MLB-LF-797;;;;;
MLB-LF-997;;;;;
MLB-LG-049;;;;;
MLB-LG-150;;;;;
MLB-LG-343;;;;;
MLB-LG-369;;;;;
MLB-LG-371;;;;;
MLB-LG-585;;;;;
MLB-LG-712;;;;;
MLB-LH-229;;;;;
MLB-LH-254;;;;;
MLB-LH-621;;;;;
MLB-LI-119;;;;;
MLB-LI-394;;;;;
MLB-LI-400;;;;;
MLB-LI-512;;;;;
MLB-LI-715;;;;;
MLB-LI-873;;;;;
MLB-LI-946;;;;;
MLB-LJ-039;;;;;
MLB-LJ-641;;;;;
MLB-LK-427;;;;;
MLB-LK-949;;;;;
MLB-LL-211;;;;;
MLB-LL-293;;;;;
MLB-LL-450;;;;;
MLB-LL-656;;;;;
MLB-LM-027;;;;;
MLB-LM-120;;;;;
MLB-LM-167;;;;;
MLB-LM-191;;;;;
MLB-LM-210;;;;;
MLB-LM-438;;;;;
MLB-LM-530;;;;;
MLB-LM-540;;;;;
MLB-LM-541;;;;;
MLB-LM-858;;;;;
MLB-LM-870;;;;;
MLB-LM-873;;;;;
MLB-LM-878;;;;;
MLB-LM-921;;;;;
MLB-LM-923;;;;;
MLB-LM-948;;;;;
MLB-LN-081;;;;;
MLB-LN-092;;;;;
MLB-LN-181;;;;;
MLB-LN-192;;;;;
MLB-LN-377;;;;;
MLB-LN-661;;;;;
MLB-LO-085;;;;;
MLB-LO-273;;;;;
MLB-LO-291;;;;;
MLB-LO-313;;;;;
MLB-LO-627;;;;;
MLB-LO-763;;;;;
MLB-LO-801;;;;;
MLB-LP-622;;;;;
MLB-LP-731;;;;;
MLB-LP-734;;;;;
MLB-LP-926;;;;;
MLB-LQ-018;;;;;
MLB-LQ-023;;;;;
MLB-LQ-039;;;;;
MLB-LQ-425;;;;;
MLB-LQ-444;;;;;
MLB-LQ-462;;;;;
MLB-LQ-629;;;;;
MLB-LQ-728;;;;;
MLB-LQ-738;;;;;
MLB-LQ-754;;;;;
MLB-LQ-888;;;;;
MLB-LR-045;;;;;
MLB-LR-211;;;;;
MLB-LR-499;;;;;
MLB-LR-578;;;;;
MLB-LR-716;;;;;
MLB-LR-820;;;;;
MLB-LR-874;;;;;
MLB-LR-876;;;;;
MLB-LS-100;;;;;
MLB-LS-157;;;;;
MLB-LS-305;;;;;
MLB-LS-461;;;;;
MLB-LS-480;;;;;
MLB-LS-642;;;;;
MLB-LS-736;;;;;
MLB-LS-756;;;;;
MLB-LS-771;;;;;
MLB-LS-817;;;;;
MLB-LS-844;;;;;
MLB-LS-865;;;;;
MLB-LS-879;;;;;
MLB-LS-903;;;;;
MLB-LT-033;;;;;
MLB-LT-125;;;;;
MLB-LT-153;;;;;
MLB-LT-346;;;;;
MLB-LT-658;;;;;
MLB-LT-785;;;;;
MLB-LT-832;;;;;
MLB-LT-843;;;;;
MLB-LT-922;;;;;
MLB-LU-011;;;;;
MLB-LU-016;;;;;
MLB-LU-258;;;;;
MLB-LU-280;;;;;
MLB-LU-284;;;;;
MLB-LU-510;;;;;
MLB-LU-830;;;;;
MLB-LU-839;;;;;
MLB-LU-904;;;;;
MLB-LU-916;;;;;
MLB-LU-975;;;;;
MLB-LV-090;;;;;
MLB-LV-176;;;;;
MLB-LV-364;;;;;
MLB-LV-817;;;;;
MLB-LV-973;;;;;
MLB-LW-064;;;;;
MLB-LW-140;;;;;
MLB-LW-227;;;;;
MLB-LW-351;;;;;
MLB-LW-510;;;;;
MLB-LX-090;;;;;
MLB-LX-410;;;;;
MLB-LX-579;;;;;
MLB-LX-608;;;;;
MLB-LX-611;;;;;
MLB-LX-900;;;;;
MLB-LX-934;;;;;
MLB-LY-051;;;;;
MLB-LY-118;;;;;
MLB-LY-206;;;;;
MLB-LY-382;;;;;
MLB-LY-421;;;;;
MLB-LY-554;;;;;
MLB-LY-586;;;;;
MLB-LY-704;;;;;
MLB-LY-744;;;;;
MLB-LY-986;;;;;
MLB-LZ-031;;;;;
MLB-LZ-048;;;;;
MLB-LZ-105;;;;;
MLB-LZ-491;;;;;
MLB-LZ-522;;;;;
MLB-LZ-658;;;;;
MLB-LZ-719;;;;;
MLB-LZ-735;;;;;
MLB-LZ-797;;;;;
MLB-LZ-910;;;;;
MLB-MA-210;;;;;
MLB-MA-708;;;;;
MLB-MA-925;;;;;
MLB-MB-287;;;;;
MLB-MB-532;;;;;
MLB-MB-534;;;;;
MLB-MB-643;;;;;
MLB-MB-693;;;;;
MLB-MB-702;;;;;
MLB-MB-705;;;;;
MLB-MB-946;;;;;
MLB-MB-984;;;;;
MLB-MC-094;;;;;
MLB-MC-103;;;;;
MLB-MC-261;;;;;
MLB-MC-270;;;;;
MLB-MC-378;;;;;
MLB-MC-798;;;;;
MLB-MD-180;;;;;
MLB-MD-534;;;;;
MLB-MD-555;;;;;
MLB-ME-249;;;;;
MLB-ME-666;;;;;
MLB-ME-680;;;;;
MLB-ME-719;;;;;
MLB-ME-949;;;;;
MLB-ME-953;;;;;
MLB-ME-977;;;;;
MLB-MF-162;;;;;
MLB-MF-172;;;;;
MLB-MF-249;;;;;
MLB-MF-437;;;;;
MLB-MF-670;;;;;
MLB-MF-706;;;;;
MLB-MF-815;;;;;
MLB-MF-897;;;;;
MLB-MF-907;;;;;
MLB-MG-044;;;;;
MLB-MG-423;;;;;
MLB-MG-686;;;;;
MLB-MG-800;;;;;
MLB-MG-897;;;;;
MLB-MH-306;;;;;
MLB-MH-314;;;;;
MLB-MH-584;;;;;
MLB-MH-732;;;;;
MLB-MI-091;;;;;
MLB-MI-102;;;;;
MLB-MI-656;;;;;
MLB-MI-670;;;;;
MLB-MI-671;;;;;
MLB-MJ-689;;;;;
MLB-MJ-754;;;;;
MLB-MJ-897;;;;;
MLB-MK-105;;;;;
MLB-MK-150;;;;;
MLB-MK-182;;;;;
MLB-MK-230;;;;;
MLB-MK-292;;;;;
MLB-MK-440;;;;;
MLB-MK-628;;;;;
MLB-MK-670;;;;;
MLB-MK-926;;;;;
MLB-ML-001;;;;;
MLB-ML-062;;;;;
MLB-ML-155;;;;;
MLB-ML-333;;;;;
MLB-ML-374;;;;;
MLB-ML-457;;;;;
MLB-ML-927;;;;;
MLB-MM-189;;;;;
MLB-MM-589;;;;;
MLB-MM-729;;;;;
MLB-MN-196;;;;;
MLB-MN-353;;;;;
MLB-MN-506;;;;;
MLB-MN-525;;;;;
MLB-MN-827;;;;;
MLB-MN-938;;;;;
MLB-MO-018;;;;;
MLB-MO-287;;;;;
MLB-MO-368;;;;;
MLB-MO-577;;;;;
MLB-MO-951;;;;;
MLB-MP-299;;;;;
MLB-MP-454;;;;;
MLB-MP-499;;;;;
MLB-MP-552;;;;;
MLB-MP-607;;;;;
MLB-MP-635;;;;;
MLB-MP-944;;;;;
MLB-MQ-074;;;;;
MLB-MQ-099;;;;;
MLB-MQ-132;;;;;
MLB-MQ-136;;;;;
MLB-MQ-230;;;;;
MLB-MQ-533;;;;;
MLB-MR-034;;;;;
MLB-MR-134;;;;;
MLB-MR-316;;;;;
MLB-MR-613;;;;;
MLB-MS-085;;;;;
MLB-MS-146;;;;;
MLB-MS-261;;;;;
MLB-MS-498;;;;;
MLB-MS-609;;;;;
MLB-MS-917;;;;;
MLB-MT-047;;;;;
MLB-MT-398;;;;;
MLB-MT-418;;;;;
MLB-MT-543;;;;;
MLB-MT-694;;;;;
MLB-MT-944;;;;;
MLB-MT-954;;;;;
MLB-MT-987;;;;;
MLB-MU-064;;;;;
MLB-MU-122;;;;;
MLB-MU-378;;;;;
MLB-MU-753;;;;;
MLB-MV-184;;;;;
MLB-MV-252;;;;;
MLB-MV-277;;;;;
MLB-MV-279;;;;;
MLB-MV-304;;;;;
MLB-MV-348;;;;;
MLB-MV-472;;;;;
MLB-MV-706;;;;;
MLB-MV-712;;;;;
MLB-MV-867;;;;;
MLB-MW-246;;;;;
MLB-MW-445;;;;;
MLB-MW-798;;;;;
MLB-MW-854;;;;;
MLB-MX-059;;;;;
MLB-MX-063;;;;;
MLB-MX-209;;;;;
MLB-MX-294;;;;;
MLB-MX-383;;;;;
MLB-MX-673;;;;;
MLB-MX-674;;;;;
MLB-MX-767;;;;;
MLB-MY-068;;;;;
MLB-MY-191;;;;;
MLB-MY-798;;;;;
MLB-MY-854;;;;;
MLB-MY-901;;;;;
MLB-MY-978;;;;;
MLB-MZ-038;;;;;
MLB-MZ-112;;;;;
MLB-MZ-272;;;;;
MLB-MZ-288;;;;;
MLB-MZ-550;;;;;
MLB-MZ-702;;;;;
MLB-MZ-703;;;;;
MLB-MZ-721;;;;;
MLB-MZ-926;;;;;
MLB-NA-025;;;;;
MLB-NA-078;;;;;
MLB-NA-302;;;;;
MLB-NA-316;;;;;
MLB-NA-351;;;;;
MLB-NA-456;;;;;
MLB-NA-619;;;;;
MLB-NA-627;;;;;
MLB-NA-720;;;;;
MLB-NA-992;;;;;
MLB-NB-045;;;;;
MLB-NB-049;;;;;
MLB-NB-393;;;;;
MLB-NB-503;;;;;
MLB-NB-698;;;;;
MLB-NC-058;;;;;
MLB-NC-081;;;;;
MLB-NC-094;;;;;
MLB-NC-120;;;;;
MLB-NC-231;;;;;
MLB-NC-437;;;;;
MLB-NC-541;;;;;
MLB-NC-571;;;;;
MLB-NC-796;;;;;
MLB-NC-877;;;;;
MLB-NC-926;;;;;
MLB-ND-090;;;;;
MLB-ND-197;;;;;
MLB-ND-223;;;;;
MLB-ND-433;;;;;
MLB-ND-545;;;;;
MLB-ND-577;;;;;
MLB-ND-698;;;;;
MLB-ND-839;;;;;
MLB-ND-851;;;;;
MLB-ND-981;;;;;
MLB-NE-011;;;;;
MLB-NE-066;;;;;
MLB-NE-079;;;;;
MLB-NE-190;;;;;
MLB-NE-347;;;;;
MLB-NE-482;;;;;
MLB-NE-698;;;;;
MLB-NE-754;;;;;
MLB-NF-016;;;;;
MLB-NF-089;;;;;
MLB-NF-211;;;;;
MLB-NF-400;;;;;
MLB-NF-652;;;;;
MLB-NG-251;;;;;
MLB-NG-279;;;;;
MLB-NG-401;;;;;
MLB-NG-491;;;;;
MLB-NG-807;;;;;
MLB-NH-075;;;;;
MLB-NH-162;;;;;
MLB-NH-255;;;;;
MLB-NH-661;;;;;
MLB-NH-737;;;;;
MLB-NI-159;;;;;
MLB-NI-233;;;;;
MLB-NI-474;;;;;
MLB-NI-509;;;;;
MLB-NI-720;;;;;
MLB-NI-783;;;;;
MLB-NI-879;;;;;
MLB-NJ-009;;;;;
MLB-NJ-028;;;;;
MLB-NJ-140;;;;;
MLB-NJ-342;;;;;
MLB-NJ-477;;;;;
MLB-NJ-858;;;;;
MLB-NK-101;;;;;
MLB-NK-466;;;;;
MLB-NK-520;;;;;
MLB-NK-856;;;;;
MLB-NK-872;;;;;
MLB-NK-923;;;;;
MLB-NL-370;;;;;
MLB-NL-670;;;;;
MLB-NL-817;;;;;
MLB-NL-835;;;;;
MLB-NL-839;;;;;
MLB-NL-882;;;;;
MLB-NL-933;;;;;
MLB-NM-129;;;;;
MLB-NM-222;;;;;
MLB-NM-384;;;;;
MLB-NM-517;;;;;
MLB-NM-535;;;;;
MLB-NM-757;;;;;
MLB-NM-868;;;;;
MLB-NM-936;;;;;
MLB-NM-953;;;;;
MLB-NM-992;;;;;
MLB-NN-240;;;;;
MLB-NN-292;;;;;
MLB-NN-346;;;;;
MLB-NN-448;;;;;
MLB-NN-513;;;;;
MLB-NN-584;;;;;
MLB-NN-700;;;;;
MLB-NN-855;;;;;
MLB-NO-028;;;;;
MLB-NO-109;;;;;
MLB-NO-122;;;;;
MLB-NO-275;;;;;
MLB-NO-291;;;;;
MLB-NO-295;;;;;
MLB-NO-301;;;;;
MLB-NO-407;;;;;
MLB-NO-804;;;;;
MLB-NO-844;;;;;
MLB-NO-946;;;;;
MLB-NO-951;;;;;
MLB-NP-072;;;;;
MLB-NP-075;;;;;
MLB-NP-087;;;;;
MLB-NP-275;;;;;
MLB-NP-299;;;;;
MLB-NP-591;;;;;
MLB-NQ-315;;;;;
MLB-NQ-425;;;;;
MLB-NR-451;;;;;
MLB-NR-725;;;;;
MLB-NR-786;;;;;
MLB-NR-808;;;;;
MLB-NR-836;;;;;
MLB-NR-871;;;;;
MLB-NS-190;;;;;
MLB-NS-235;;;;;
MLB-NS-337;;;;;
MLB-NS-354;;;;;
MLB-NS-496;;;;;
MLB-NS-509;;;;;
MLB-NS-584;;;;;
MLB-NS-868;;;;;
MLB-NT-157;;;;;
MLB-NT-437;;;;;
MLB-NT-616;;;;;
MLB-NT-739;;;;;
MLB-NT-903;;;;;
MLB-NU-149;;;;;
MLB-NU-229;;;;;
MLB-NU-250;;;;;
MLB-NU-331;;;;;
MLB-NU-488;;;;;
MLB-NU-637;;;;;
MLB-NU-838;;;;;
MLB-NU-856;;;;;
MLB-NU-930;;;;;
MLB-NV-160;;;;;
MLB-NV-337;;;;;
MLB-NV-341;;;;;
MLB-NV-422;;;;;
MLB-NV-556;;;;;
MLB-NV-576;;;;;
MLB-NV-710;;;;;
MLB-NV-761;;;;;
MLB-NV-833;;;;;
MLB-NV-913;;;;;
MLB-NW-104;;;;;
MLB-NW-229;;;;;
MLB-NW-235;;;;;
MLB-NW-867;;;;;
MLB-NX-251;;;;;
MLB-NX-317;;;;;
MLB-NX-430;;;;;
MLB-NX-519;;;;;
MLB-NX-714;;;;;
MLB-NX-800;;;;;
MLB-NX-889;;;;;
MLB-NY-239;;;;;
MLB-NY-442;;;;;
MLB-NY-621;;;;;
MLB-NY-927;;;;;
MLB-NY-953;;;;;
MLB-NZ-050;;;;;
MLB-NZ-147;;;;;
MLB-NZ-263;;;;;
MLB-NZ-523;;;;;
MLB-NZ-961;;;;;
MLB-OA-020;;;;;
MLB-OA-047;;;;;
MLB-OA-050;;;;;
MLB-OA-081;;;;;
MLB-OA-123;;;;;
MLB-OA-140;;;;;
MLB-OA-355;;;;;
MLB-OA-884;;;;;
MLB-OB-467;;;;;
MLB-OB-626;;;;;
MLB-OC-094;;;;;
MLB-OC-217;;;;;
MLB-OC-224;;;;;
MLB-OC-459;;;;;
MLB-OC-473;;;;;
MLB-OC-753;;;;;
MLB-OC-989;;;;;
MLB-OD-018;;;;;
MLB-OD-216;;;;;
MLB-OD-267;;;;;
MLB-OD-320;;;;;
MLB-OD-860;;;;;
MLB-OD-897;;;;;
MLB-OD-951;;;;;
MLB-OD-952;;;;;
MLB-OE-059;;;;;
MLB-OE-094;;;;;
MLB-OE-141;;;;;
MLB-OE-479;;;;;
MLB-OE-898;;;;;
MLB-OF-193;;;;;
MLB-OF-218;;;;;
MLB-OF-310;;;;;
MLB-OF-514;;;;;
MLB-OF-552;;;;;
MLB-OF-910;;;;;
MLB-OG-009;;;;;
MLB-OG-494;;;;;
MLB-OG-515;;;;;
MLB-OG-579;;;;;
MLB-OG-693;;;;;
MLB-OG-902;;;;;
MLB-OH-042;;;;;
MLB-OH-128;;;;;
MLB-OH-216;;;;;
MLB-OH-745;;;;;
MLB-OH-746;;;;;
MLB-OH-914;;;;;
MLB-OH-923;;;;;
MLB-OI-023;;;;;
MLB-OI-225;;;;;
MLB-OI-394;;;;;
MLB-OI-399;;;;;
MLB-OI-479;;;;;
MLB-OI-493;;;;;
MLB-OI-501;;;;;
MLB-OI-810;;;;;
MLB-OI-975;;;;;
MLB-OJ-302;;;;;
MLB-OJ-331;;;;;
MLB-OJ-661;;;;;
MLB-OK-365;;;;;
MLB-OK-676;;;;;
MLB-OK-784;;;;;
MLB-OK-989;;;;;
MLB-OL-079;;;;;
MLB-OL-371;;;;;
MLB-OL-622;;;;;
MLB-OM-071;;;;;
MLB-OM-180;;;;;
MLB-OM-251;;;;;
MLB-OM-375;;;;;
MLB-OM-433;;;;;
MLB-OM-479;;;;;
MLB-OM-482;;;;;
MLB-OM-619;;;;;
MLB-OM-624;;;;;
MLB-OM-644;;;;;
MLB-OM-721;;;;;
MLB-OM-786;;;;;
MLB-OM-810;;;;;
MLB-OM-981;;;;;
MLB-ON-107;;;;;
MLB-ON-139;;;;;
MLB-ON-144;;;;;
MLB-ON-514;;;;;
MLB-ON-550;;;;;
MLB-ON-636;;;;;
MLB-ON-669;;;;;
MLB-ON-677;;;;;
MLB-ON-695;;;;;
MLB-ON-809;;;;;
MLB-ON-865;;;;;
MLB-ON-893;;;;;
MLB-OO-129;;;;;
MLB-OO-317;;;;;
MLB-OO-318;;;;;
MLB-OO-545;;;;;
MLB-OO-648;;;;;
MLB-OO-869;;;;;
MLB-OP-073;;;;;
MLB-OP-230;;;;;
MLB-OP-636;;;;;
MLB-OP-684;;;;;
MLB-OP-691;;;;;
MLB-OP-693;;;;;
MLB-OP-842;;;;;
MLB-OP-875;;;;;
MLB-OQ-153;;;;;
MLB-OQ-251;;;;;
MLB-OQ-369;;;;;
MLB-OQ-983;;;;;
MLB-OR-126;;;;;
MLB-OR-158;;;;;
MLB-OR-463;;;;;
MLB-OR-576;;;;;
MLB-OR-633;;;;;
MLB-OR-898;;;;;
MLB-OS-068;;;;;
MLB-OS-133;;;;;
MLB-OS-337;;;;;
MLB-OS-490;;;;;
MLB-OS-491;;;;;
MLB-OS-640;;;;;
MLB-OS-695;;;;;
MLB-OS-720;;;;;
MLB-OS-730;;;;;
MLB-OT-040;;;;;
MLB-OT-111;;;;;
MLB-OT-258;;;;;
MLB-OT-444;;;;;
MLB-OT-710;;;;;
MLB-OT-746;;;;;
MLB-OT-811;;;;;
MLB-OT-941;Y;2025-11-26T16:30:10.094Z;GIOVANNIRACIOPPI@GMAIL.COM;Y;681281
MLB-OT-976;;;;;
MLB-OU-555;;;;;
MLB-OU-893;;;;;
MLB-OU-993;;;;;
MLB-OV-052;;;;;
MLB-OV-135;;;;;
MLB-OV-212;;;;;
MLB-OV-365;;;;;
MLB-OV-366;;;;;
MLB-OV-633;;;;;
MLB-OV-737;;;;;
MLB-OV-806;;;;;
MLB-OV-970;;;;;
MLB-OW-092;;;;;
MLB-OW-204;;;;;
MLB-OW-232;;;;;
MLB-OW-234;;;;;
MLB-OW-341;;;;;
MLB-OW-414;;;;;
MLB-OW-556;;;;;
MLB-OW-574;;;;;
MLB-OW-780;;;;;
MLB-OW-902;;;;;
MLB-OX-084;;;;;
MLB-OX-305;;;;;
MLB-OX-410;;;;;
MLB-OX-473;;;;;
MLB-OX-584;;;;;
MLB-OX-598;;;;;
MLB-OX-709;;;;;
MLB-OX-887;;;;;
MLB-OY-044;;;;;
MLB-OY-293;;;;;
MLB-OY-319;;;;;
MLB-OY-374;;;;;
MLB-OY-444;;;;;
MLB-OY-514;;;;;
MLB-OY-641;;;;;
MLB-OY-841;;;;;
MLB-OY-868;;;;;
MLB-OY-932;;;;;
MLB-OZ-084;;;;;
MLB-OZ-120;;;;;
MLB-OZ-138;;;;;
MLB-OZ-198;;;;;
MLB-OZ-265;;;;;
MLB-OZ-287;;;;;
MLB-OZ-326;;;;;
MLB-OZ-432;;;;;
MLB-OZ-440;;;;;
MLB-OZ-466;;;;;
MLB-OZ-481;;;;;
MLB-OZ-521;;;;;
MLB-OZ-622;;;;;
MLB-OZ-677;;;;;
MLB-OZ-759;;;;;
MLB-OZ-821;;;;;
MLB-OZ-916;;;;;
MLB-OZ-918;;;;;
MLB-PA-021;;;;;
MLB-PA-056;;;;;
MLB-PA-097;;;;;
MLB-PA-420;;;;;
MLB-PA-457;;;;;
MLB-PA-461;;;;;
MLB-PA-558;;;;;
MLB-PA-706;;;;;
MLB-PA-783;;;;;
MLB-PA-814;;;;;
MLB-PB-038;;;;;
MLB-PB-083;;;;;
MLB-PB-413;;;;;
MLB-PB-458;;;;;
MLB-PB-546;;;;;
MLB-PB-655;;;;;
MLB-PC-284;;;;;
MLB-PC-369;;;;;
MLB-PC-516;;;;;
MLB-PC-627;;;;;
MLB-PC-691;;;;;
MLB-PC-964;;;;;
MLB-PD-194;;;;;
MLB-PD-244;;;;;
MLB-PD-441;;;;;
MLB-PD-445;;;;;
MLB-PD-517;;;;;
MLB-PD-625;;;;;
MLB-PE-307;;;;;
MLB-PE-359;;;;;
MLB-PE-395;;;;;
MLB-PE-439;;;;;
MLB-PE-485;;;;;
MLB-PE-776;;;;;
MLB-PE-945;;;;;
MLB-PF-239;;;;;
MLB-PF-294;;;;;
MLB-PF-390;;;;;
MLB-PF-436;;;;;
MLB-PF-537;;;;;
MLB-PF-556;;;;;
MLB-PF-658;;;;;
MLB-PF-731;;;;;
MLB-PF-948;;;;;
MLB-PF-965;;;;;
MLB-PG-468;;;;;
MLB-PG-536;;;;;
MLB-PG-655;;;;;
MLB-PH-054;;;;;
MLB-PH-061;;;;;
MLB-PH-123;;;;;
MLB-PH-301;;;;;
MLB-PH-316;;;;;
MLB-PH-614;;;;;
MLB-PH-837;;;;;
MLB-PH-884;;;;;
MLB-PH-936;;;;;
MLB-PH-985;;;;;
MLB-PI-061;;;;;
MLB-PI-166;;;;;
MLB-PI-301;;;;;
MLB-PI-411;;;;;
MLB-PI-493;;;;;
MLB-PI-756;;;;;
MLB-PI-830;;;;;
MLB-PJ-085;;;;;
MLB-PJ-382;;;;;
MLB-PJ-513;;;;;
MLB-PJ-521;;;;;
MLB-PJ-606;;;;;
MLB-PJ-627;;;;;
MLB-PJ-707;;;;;
MLB-PJ-722;;;;;
MLB-PJ-763;;;;;
MLB-PJ-905;;;;;
MLB-PJ-916;;;;;
MLB-PK-232;;;;;
MLB-PK-469;;;;;
MLB-PK-862;;;;;
MLB-PL-035;;;;;
MLB-PL-037;;;;;
MLB-PL-122;;;;;
MLB-PL-191;;;;;
MLB-PL-197;;;;;
MLB-PL-213;;;;;
MLB-PL-670;;;;;
MLB-PL-844;;;;;
MLB-PL-971;;;;;
MLB-PM-313;;;;;
MLB-PM-332;;;;;
MLB-PM-339;;;;;
MLB-PM-673;;;;;
MLB-PM-699;;;;;
MLB-PM-707;;;;;
MLB-PM-719;;;;;
MLB-PM-875;;;;;
MLB-PN-081;;;;;
MLB-PN-236;;;;;
MLB-PN-313;;;;;
MLB-PN-396;;;;;
MLB-PN-466;;;;;
MLB-PN-505;;;;;
MLB-PN-874;;;;;
MLB-PO-094;;;;;
MLB-PO-336;;;;;
MLB-PO-403;;;;;
MLB-PO-428;;;;;
MLB-PO-676;;;;;
MLB-PO-807;;;;;
MLB-PO-974;;;;;
MLB-PP-067;;;;;
MLB-PP-196;;;;;
MLB-PP-237;;;;;
MLB-PP-318;;;;;
MLB-PP-550;;;;;
MLB-PP-615;;;;;
MLB-PP-702;;;;;
MLB-PQ-025;;;;;
MLB-PQ-076;;;;;
MLB-PQ-277;;;;;
MLB-PQ-429;;;;;
MLB-PQ-464;;;;;
MLB-PQ-487;;;;;
MLB-PQ-788;;;;;
MLB-PQ-793;;;;;
MLB-PQ-939;;;;;
MLB-PR-118;;;;;
MLB-PR-137;;;;;
MLB-PR-499;;;;;
MLB-PR-601;;;;;
MLB-PR-890;;;;;
MLB-PS-071;;;;;
MLB-PS-130;;;;;
MLB-PS-285;;;;;
MLB-PS-398;;;;;
MLB-PS-723;;;;;
MLB-PS-725;;;;;
MLB-PT-111;;;;;
MLB-PT-250;;;;;
MLB-PT-256;;;;;
MLB-PT-291;;;;;
MLB-PT-378;;;;;
MLB-PT-383;;;;;
MLB-PT-491;;;;;
MLB-PT-630;;;;;
MLB-PT-650;;;;;
MLB-PT-765;;;;;
MLB-PU-000;;;;;
MLB-PU-196;;;;;
MLB-PV-083;;;;;
MLB-PV-154;;;;;
MLB-PV-179;;;;;
MLB-PV-259;;;;;
MLB-PV-315;;;;;
MLB-PV-443;;;;;
MLB-PV-557;;;;;
MLB-PV-723;;;;;
MLB-PV-976;;;;;
MLB-PV-996;;;;;
MLB-PW-091;;;;;
MLB-PW-143;;;;;
MLB-PW-190;;;;;
MLB-PW-539;;;;;
MLB-PX-179;;;;;
MLB-PX-233;;;;;
MLB-PX-282;;;;;
MLB-PX-312;;;;;
MLB-PX-402;;;;;
MLB-PX-560;;;;;
MLB-PX-712;;;;;
MLB-PX-842;;;;;
MLB-PX-866;;;;;
MLB-PY-105;;;;;
MLB-PY-158;;;;;
MLB-PY-259;;;;;
MLB-PY-295;;;;;
MLB-PY-495;;;;;
MLB-PY-604;;;;;
MLB-PY-606;;;;;
MLB-PY-655;;;;;
MLB-PY-971;;;;;
MLB-PY-974;;;;;
MLB-PY-979;;;;;
MLB-PZ-322;;;;;
MLB-PZ-335;;;;;
MLB-PZ-336;;;;;
MLB-PZ-429;;;;;
MLB-PZ-543;;;;;
MLB-PZ-598;;;;;
MLB-PZ-750;;;;;
MLB-PZ-879;;;;;
MLB-PZ-888;;;;;
MLB-PZ-923;;;;;
MLB-QA-140;;;;;
MLB-QA-142;;;;;
MLB-QA-412;;;;;
MLB-QA-428;;;;;
MLB-QA-661;;;;;
MLB-QA-797;;;;;
MLB-QB-042;;;;;
MLB-QB-139;;;;;
MLB-QB-146;;;;;
MLB-QB-283;;;;;
MLB-QB-399;Y;2025-12-03T12:46:08.763Z;GIOVANNIRACIOPPI@GMAIL.COM;Y;098539
MLB-QB-787;Y;2025-12-03T12:53:38.666Z;GIOVANNIRACIOPPI@GMAIL.COM;Y;940643
MLB-QC-088;Y;2025-12-03T12:58:13.908Z;GIOVANNIRACIOPPI@GMAIL.COM;Y;897902
MLB-QC-118;;;;;
MLB-QC-187;;;;;
MLB-QC-267;;;;;
MLB-QC-290;;;;;
MLB-QC-582;;;;;
MLB-QC-735;;;;;
MLB-QC-857;;;;;
MLB-QC-888;;;;;
MLB-QC-991;;;;;
MLB-QD-170;;;;;
MLB-QD-183;;;;;
MLB-QD-249;;;;;
MLB-QD-271;;;;;
MLB-QD-366;;;;;
MLB-QD-438;;;;;
MLB-QD-707;;;;;
MLB-QD-981;;;;;
MLB-QE-450;;;;;
MLB-QE-993;;;;;
MLB-QF-125;;;;;
MLB-QF-217;;;;;
MLB-QF-262;;;;;
MLB-QF-586;;;;;
MLB-QF-594;;;;;
MLB-QF-705;;;;;
MLB-QF-730;;;;;
MLB-QF-831;;;;;
MLB-QG-201;;;;;
MLB-QG-428;;;;;
MLB-QG-458;;;;;
MLB-QG-662;;;;;
MLB-QG-741;;;;;
MLB-QH-078;;;;;
MLB-QH-235;;;;;
MLB-QH-271;;;;;
MLB-QH-294;;;;;
MLB-QH-331;;;;;
MLB-QH-484;;;;;
MLB-QH-493;;;;;
MLB-QH-517;;;;;
MLB-QH-534;;;;;
MLB-QH-681;;;;;
MLB-QH-688;;;;;
MLB-QH-752;;;;;
MLB-QH-758;;;;;
MLB-QH-776;;;;;
MLB-QH-945;;;;;
MLB-QI-110;;;;;
MLB-QI-355;;;;;
MLB-QI-365;;;;;
MLB-QI-469;;;;;
MLB-QI-511;;;;;
MLB-QI-710;;;;;
MLB-QI-875;;;;;
MLB-QI-951;;;;;
MLB-QJ-000;;;;;
MLB-QJ-190;;;;;
MLB-QJ-327;;;;;
MLB-QJ-538;;;;;
MLB-QJ-550;;;;;
MLB-QJ-552;;;;;
MLB-QJ-557;;;;;
MLB-QJ-688;;;;;
MLB-QJ-719;;;;;
MLB-QJ-813;;;;;
MLB-QJ-835;;;;;
MLB-QK-074;;;;;
MLB-QK-541;;;;;
MLB-QK-983;;;;;
MLB-QL-238;;;;;
MLB-QL-341;;;;;
MLB-QL-351;;;;;
MLB-QL-578;;;;;
MLB-QL-826;;;;;
MLB-QL-985;;;;;
MLB-QM-484;;;;;
MLB-QM-576;;;;;
MLB-QM-668;;;;;
MLB-QM-712;;;;;
MLB-QM-732;;;;;
MLB-QM-863;;;;;
MLB-QN-045;;;;;
MLB-QN-062;;;;;
MLB-QN-067;;;;;
MLB-QN-148;;;;;
MLB-QN-197;;;;;
MLB-QN-271;;;;;
MLB-QN-325;;;;;
MLB-QN-363;;;;;
MLB-QN-454;;;;;
MLB-QN-483;;;;;
MLB-QN-502;;;;;
MLB-QN-566;;;;;
MLB-QN-888;;;;;
MLB-QO-205;;;;;
MLB-QO-238;;;;;
MLB-QO-532;;;;;
MLB-QO-832;;;;;
MLB-QP-001;;;;;
MLB-QP-425;;;;;
MLB-QP-727;;;;;
MLB-QP-954;;;;;
MLB-QQ-433;;;;;
MLB-QQ-471;;;;;
MLB-QQ-529;;;;;
MLB-QQ-612;;;;;
MLB-QQ-630;;;;;
MLB-QQ-870;;;;;
MLB-QQ-978;;;;;
MLB-QR-125;;;;;
MLB-QR-180;;;;;
MLB-QR-208;Y;2025-11-24T21:17:11.083Z;GIOVANNIRACIOPPI@GMAIL.COM;Y;016185
MLB-QR-264;Y;2025-11-24T21:20:50.699Z;GIOVANNIRACIOPPI@GMAIL.COM;Y;510001
MLB-QR-326;Y;2025-11-24T21:27:28.874Z;GIOVANNIRACIOPPI@GMAIL.COM;Y;260545
MLB-QR-569;Y;2025-11-24T21:37:56.047Z;GIOVANNIRACIOPPI@GMAIL.COM;Y;134271
MLB-QR-637;Y;2025-11-24T21:43:02.614Z;GIOVANNIRACIOPPI@GMAIL.COM;Y;587275
MLB-QR-660;Y;2025-11-24T21:47:36.587Z;GIOVANNIRACIOPPI@GMAIL.COM;Y;856115
MLB-QR-770;Y;2025-11-24T21:58:49.056Z;GIOVANNIRACIOPPI@GMAIL.COM;Y;204207
MLB-QR-839;;;;;
MLB-QR-850;;;;;
MLB-QR-873;;;;;
MLB-QS-080;;;;;
MLB-QS-233;;;;;
MLB-QS-421;;;;;
MLB-QS-473;;;;;
MLB-QS-738;;;;;
MLB-QS-762;;;;;
MLB-QS-899;Y;2025-11-24T23:14:34.016Z;GIOVANNIRACIOPPI@GMAIL.COM;Y;292159
MLB-QS-939;Y;2025-11-24T23:16:41.407Z;GIOVANNIRACIOPPI@GMAIL.COM;Y;634754
MLB-QT-091;Y;2025-11-24T23:22:14.781Z;GIOVANNIRACIOPPI@GMAIL.COM;Y;257758
MLB-QT-199;Y;2025-11-24T23:32:44.433Z;GIOVANNIRACIOPPI@GMAIL.COM;Y;531720
MLB-QT-391;Y;2025-11-24T23:41:08.547Z;GIOVANNIRACIOPPI@GMAIL.COM;Y;095261
MLB-QT-535;Y;2025-11-24T23:47:05.444Z;GIOVANNIRACIOPPI@GMAIL.COM;Y;007032
MLB-QT-702;Y;2025-11-24T23:52:39.737Z;GIOVANNIRACIOPPI@GMAIL.COM;Y;308792
MLB-QU-151;;;;;
MLB-QU-167;;;;;
MLB-QU-841;;;;;
MLB-QU-847;;;;;
MLB-QU-905;;;;;
MLB-QU-978;;;;;
MLB-QV-045;;;;;
MLB-QV-146;;;;;
MLB-QV-476;;;;;
MLB-QV-619;;;;;
MLB-QV-716;;;;;
MLB-QV-754;;;;;
MLB-QV-961;;;;;
MLB-QW-031;;;;;
MLB-QW-082;;;;;
MLB-QW-159;;;;;
MLB-QW-217;;;;;
MLB-QW-240;;;;;
MLB-QW-523;;;;;
MLB-QW-529;;;;;
MLB-QW-550;;;;;
MLB-QX-298;;;;;
MLB-QX-455;;;;;
MLB-QX-596;;;;;
MLB-QX-878;;;;;
MLB-QY-016;;;;;
MLB-QY-046;;;;;
MLB-QY-284;;;;;
MLB-QY-539;;;;;
MLB-QY-619;;;;;
MLB-QY-734;;;;;
MLB-QY-774;;;;;
MLB-QY-779;;;;;
MLB-QY-784;;;;;
MLB-QY-788;;;;;
MLB-QZ-035;;;;;
MLB-QZ-138;;;;;
MLB-QZ-246;;;;;
MLB-QZ-701;;;;;
MLB-QZ-770;;;;;
MLB-QZ-800;;;;;
MLB-QZ-984;;;;;
MLB-RA-069;;;;;
MLB-RA-332;;;;;
MLB-RA-343;;;;;
MLB-RA-434;;;;;
MLB-RA-551;;;;;
MLB-RA-650;;;;;
MLB-RB-230;;;;;
MLB-RB-323;;;;;
MLB-RB-533;;;;;
MLB-RB-737;;;;;
MLB-RB-889;;;;;
MLB-RB-986;;;;;
MLB-RC-029;;;;;
MLB-RC-437;;;;;
MLB-RC-487;;;;;
MLB-RC-502;;;;;
MLB-RC-667;;;;;
MLB-RC-990;;;;;
MLB-RD-026;;;;;
MLB-RD-045;;;;;
MLB-RD-203;;;;;
MLB-RD-312;;;;;
MLB-RD-362;;;;;
MLB-RD-364;;;;;
MLB-RD-583;;;;;
MLB-RD-631;;;;;
MLB-RD-648;;;;;
MLB-RD-779;;;;;
MLB-RD-869;;;;;
MLB-RD-893;;;;;
MLB-RD-927;;;;;
MLB-RE-004;;;;;
MLB-RE-021;;;;;
MLB-RE-056;;;;;
MLB-RE-382;;;;;
MLB-RE-577;;;;;
MLB-RE-587;;;;;
MLB-RE-625;;;;;
MLB-RF-011;;;;;
MLB-RF-195;;;;;
MLB-RF-310;;;;;
MLB-RF-551;;;;;
MLB-RF-578;;;;;
MLB-RF-623;;;;;
MLB-RF-635;;;;;
MLB-RF-738;;;;;
MLB-RF-866;;;;;
MLB-RF-937;;;;;
MLB-RG-078;;;;;
MLB-RG-187;;;;;
MLB-RG-400;;;;;
MLB-RG-690;;;;;
MLB-RG-792;;;;;
MLB-RG-865;;;;;
MLB-RG-894;;;;;
MLB-RH-090;;;;;
MLB-RH-305;;;;;
MLB-RH-441;;;;;
MLB-RH-502;;;;;
MLB-RH-635;;;;;
MLB-RH-702;;;;;
MLB-RH-821;;;;;
MLB-RH-859;;;;;
MLB-RH-912;;;;;
MLB-RI-005;;;;;
MLB-RI-009;;;;;
MLB-RI-174;;;;;
MLB-RI-209;;;;;
MLB-RI-272;;;;;
MLB-RI-444;;;;;
MLB-RI-703;;;;;
MLB-RI-753;;;;;
MLB-RI-848;;;;;
MLB-RI-987;;;;;
MLB-RJ-215;;;;;
MLB-RJ-294;;;;;
MLB-RJ-374;;;;;
MLB-RJ-389;;;;;
MLB-RJ-529;;;;;
MLB-RJ-778;;;;;
MLB-RJ-819;;;;;
MLB-RJ-825;;;;;
MLB-RK-006;;;;;
MLB-RK-209;;;;;
MLB-RK-350;;;;;
MLB-RK-389;;;;;
MLB-RK-403;;;;;
MLB-RK-440;;;;;
MLB-RK-737;;;;;
MLB-RK-926;;;;;
MLB-RL-054;;;;;
MLB-RL-163;;;;;
MLB-RL-689;;;;;
MLB-RM-117;;;;;
MLB-RM-433;;;;;
MLB-RM-467;;;;;
MLB-RM-639;;;;;
MLB-RM-804;;;;;
MLB-RN-550;;;;;
MLB-RN-763;;;;;
MLB-RN-909;;;;;
MLB-RN-964;;;;;
MLB-RO-065;;;;;
MLB-RO-187;;;;;
MLB-RO-279;;;;;
MLB-RO-314;;;;;
MLB-RO-411;;;;;
MLB-RO-454;;;;;
MLB-RO-635;;;;;
MLB-RO-916;;;;;
MLB-RP-163;;;;;
MLB-RP-205;;;;;
MLB-RP-411;;;;;
MLB-RP-506;;;;;
MLB-RP-621;;;;;
MLB-RP-774;;;;;
MLB-RP-978;;;;;
MLB-RQ-011;;;;;
MLB-RQ-370;;;;;
MLB-RQ-787;;;;;
MLB-RQ-982;;;;;
MLB-RR-219;;;;;
MLB-RR-350;;;;;
MLB-RR-402;;;;;
MLB-RR-572;;;;;
MLB-RR-599;;;;;
MLB-RR-760;;;;;
MLB-RR-851;;;;;
MLB-RS-422;;;;;
MLB-RS-542;;;;;
MLB-RS-549;;;;;
MLB-RS-841;;;;;
MLB-RS-842;;;;;
MLB-RT-064;;;;;
MLB-RT-121;;;;;
MLB-RT-131;;;;;
MLB-RT-323;;;;;
MLB-RT-384;;;;;
MLB-RT-418;;;;;
MLB-RT-579;;;;;
MLB-RT-609;;;;;
MLB-RT-695;;;;;
MLB-RT-844;;;;;
MLB-RT-930;;;;;
MLB-RT-991;;;;;
MLB-RU-075;;;;;
MLB-RU-313;;;;;
MLB-RU-492;;;;;
MLB-RU-934;;;;;
MLB-RV-047;;;;;
MLB-RV-104;;;;;
MLB-RV-197;;;;;
MLB-RV-376;;;;;
MLB-RV-535;;;;;
MLB-RV-544;;;;;
MLB-RV-600;;;;;
MLB-RV-603;;;;;
MLB-RV-683;;;;;
MLB-RV-741;;;;;
MLB-RV-801;;;;;
MLB-RV-907;;;;;
MLB-RW-420;;;;;
MLB-RW-439;;;;;
MLB-RW-623;;;;;
MLB-RW-682;;;;;
MLB-RW-754;;;;;
MLB-RW-809;;;;;
MLB-RW-842;;;;;
MLB-RW-861;;;;;
MLB-RW-881;;;;;
MLB-RW-968;;;;;
MLB-RW-972;;;;;
MLB-RX-017;;;;;
MLB-RX-097;;;;;
MLB-RX-156;;;;;
MLB-RX-382;;;;;
MLB-RX-454;;;;;
MLB-RX-620;;;;;
MLB-RX-704;;;;;
MLB-RX-707;;;;;
MLB-RX-793;;;;;
MLB-RX-813;;;;;
MLB-RX-887;;;;;
MLB-RX-971;;;;;
MLB-RY-133;;;;;
MLB-RY-399;;;;;
MLB-RY-409;;;;;
MLB-RY-769;;;;;
MLB-RY-852;;;;;
MLB-RZ-154;;;;;
MLB-RZ-161;;;;;
MLB-RZ-401;;;;;
MLB-RZ-525;;;;;
MLB-RZ-565;;;;;
MLB-RZ-758;;;;;
MLB-RZ-772;;;;;
MLB-RZ-927;;;;;
MLB-RZ-931;;;;;
MLB-SA-363;;;;;
MLB-SA-379;;;;;
MLB-SA-685;;;;;
MLB-SA-738;;;;;
MLB-SA-925;;;;;
MLB-SB-031;;;;;
MLB-SB-179;;;;;
MLB-SB-202;;;;;
MLB-SB-209;;;;;
MLB-SB-244;;;;;
MLB-SB-298;;;;;
MLB-SB-337;;;;;
MLB-SB-352;;;;;
MLB-SB-454;;;;;
MLB-SB-491;;;;;
MLB-SB-501;;;;;
MLB-SB-624;;;;;
MLB-SB-777;;;;;
MLB-SC-150;;;;;
MLB-SC-188;;;;;
MLB-SC-252;;;;;
MLB-SC-341;;;;;
MLB-SC-484;;;;;
MLB-SC-557;;;;;
MLB-SC-644;;;;;
MLB-SC-647;;;;;
MLB-SC-796;;;;;
MLB-SC-860;;;;;
MLB-SC-980;;;;;
MLB-SC-987;;;;;
MLB-SD-259;;;;;
MLB-SD-531;;;;;
MLB-SD-586;;;;;
MLB-SD-749;;;;;
MLB-SD-823;;;;;
MLB-SD-835;;;;;
MLB-SD-846;;;;;
MLB-SD-848;;;;;
MLB-SD-872;;;;;
MLB-SD-904;;;;;
MLB-SE-001;;;;;
MLB-SE-034;;;;;
MLB-SE-088;;;;;
MLB-SE-162;;;;;
MLB-SE-630;;;;;
MLB-SF-001;;;;;
MLB-SF-109;;;;;
MLB-SF-170;;;;;
MLB-SF-214;;;;;
MLB-SF-255;;;;;
MLB-SF-298;;;;;
MLB-SF-537;;;;;
MLB-SF-621;;;;;
MLB-SF-641;;;;;
MLB-SF-711;;;;;
MLB-SF-739;;;;;
MLB-SF-833;;;;;
MLB-SF-890;;;;;
MLB-SF-959;;;;;
MLB-SG-154;;;;;
MLB-SG-168;;;;;
MLB-SG-285;;;;;
MLB-SG-401;;;;;
MLB-SG-479;;;;;
MLB-SG-554;;;;;
MLB-SG-699;;;;;
MLB-SG-799;;;;;
MLB-SG-955;;;;;
MLB-SH-009;;;;;
MLB-SH-543;;;;;
MLB-SH-709;;;;;
MLB-SI-041;;;;;
MLB-SI-077;;;;;
MLB-SI-171;;;;;
MLB-SI-291;;;;;
MLB-SI-649;;;;;
MLB-SI-830;;;;;
MLB-SI-901;;;;;
MLB-SJ-230;;;;;
MLB-SJ-236;;;;;
MLB-SJ-306;;;;;
MLB-SJ-341;;;;;
MLB-SJ-342;;;;;
MLB-SJ-384;;;;;
MLB-SJ-436;;;;;
MLB-SJ-646;;;;;
MLB-SJ-708;;;;;
MLB-SK-031;;;;;
MLB-SK-039;;;;;
MLB-SK-042;;;;;
MLB-SK-136;;;;;
MLB-SK-185;;;;;
MLB-SK-286;;;;;
MLB-SK-347;;;;;
MLB-SK-462;;;;;
MLB-SK-544;;;;;
MLB-SK-820;;;;;
MLB-SK-913;;;;;
MLB-SL-037;;;;;
MLB-SL-038;;;;;
MLB-SL-160;;;;;
MLB-SL-225;;;;;
MLB-SL-313;;;;;
MLB-SL-735;;;;;
MLB-SL-937;;;;;
MLB-SM-432;;;;;
MLB-SM-581;;;;;
MLB-SM-650;;;;;
MLB-SM-724;;;;;
MLB-SM-833;;;;;
MLB-SM-944;;;;;
MLB-SM-949;;;;;
MLB-SN-008;;;;;
MLB-SN-080;;;;;
MLB-SN-376;;;;;
MLB-SN-463;;;;;
MLB-SN-739;;;;;
MLB-SN-741;;;;;
MLB-SN-745;;;;;
MLB-SO-028;;;;;
MLB-SO-091;;;;;
MLB-SO-191;;;;;
MLB-SO-327;;;;;
MLB-SO-415;;;;;
MLB-SO-553;;;;;
MLB-SO-572;;;;;
MLB-SO-617;;;;;
MLB-SO-877;;;;;
MLB-SO-897;;;;;
MLB-SO-927;;;;;
MLB-SO-974;;;;;
MLB-SO-991;;;;;
MLB-SP-051;;;;;
MLB-SP-116;;;;;
MLB-SP-381;;;;;
MLB-SP-580;;;;;
MLB-SP-584;;;;;
MLB-SP-874;;;;;
MLB-SP-921;;;;;
MLB-SQ-342;;;;;
MLB-SQ-379;;;;;
MLB-SQ-772;;;;;
MLB-SQ-859;;;;;
MLB-SR-008;;;;;
MLB-SR-187;;;;;
MLB-SR-431;;;;;
MLB-SR-498;;;;;
MLB-SR-561;;;;;
MLB-SR-712;;;;;
MLB-SR-927;;;;;
MLB-SS-197;;;;;
MLB-SS-317;;;;;
MLB-SS-427;;;;;
MLB-SS-589;;;;;
MLB-SS-681;;;;;
MLB-SS-727;;;;;
MLB-SS-729;;;;;
MLB-SS-800;;;;;
MLB-SS-928;;;;;
MLB-ST-244;;;;;
MLB-ST-270;;;;;
MLB-ST-409;;;;;
MLB-ST-459;;;;;
MLB-ST-685;;;;;
MLB-ST-790;;;;;
MLB-ST-935;;;;;
MLB-ST-956;;;;;
MLB-ST-964;;;;;
MLB-SU-129;;;;;
MLB-SU-210;;;;;
MLB-SU-379;;;;;
MLB-SU-703;;;;;
MLB-SU-760;;;;;
MLB-SU-819;;;;;
MLB-SU-999;;;;;
MLB-SV-023;;;;;
MLB-SV-044;;;;;
MLB-SV-143;;;;;
MLB-SV-229;;;;;
MLB-SV-506;;;;;
MLB-SV-593;;;;;
MLB-SV-738;;;;;
MLB-SV-842;;;;;
MLB-SV-967;;;;;
MLB-SW-070;;;;;
MLB-SW-157;;;;;
MLB-SW-380;;;;;
MLB-SW-420;;;;;
MLB-SW-426;;;;;
MLB-SW-513;;;;;
MLB-SW-515;;;;;
MLB-SW-760;;;;;
MLB-SX-024;;;;;
MLB-SX-186;;;;;
MLB-SX-288;;;;;
MLB-SX-721;;;;;
MLB-SY-085;;;;;
MLB-SY-142;;;;;
MLB-SY-358;;;;;
MLB-SY-479;;;;;
MLB-SY-504;;;;;
MLB-SY-668;;;;;
MLB-SY-677;;;;;
MLB-SY-802;;;;;
MLB-SY-887;;;;;
MLB-SZ-058;;;;;
MLB-SZ-069;;;;;
MLB-SZ-328;;;;;
MLB-SZ-367;;;;;
MLB-SZ-399;;;;;
MLB-SZ-804;;;;;
MLB-SZ-808;;;;;
MLB-TA-008;;;;;
MLB-TA-017;;;;;
MLB-TA-023;;;;;
MLB-TA-358;;;;;
MLB-TA-397;;;;;
MLB-TA-745;;;;;
MLB-TA-808;;;;;
MLB-TA-821;;;;;
MLB-TB-162;;;;;
MLB-TB-361;;;;;
MLB-TB-401;;;;;
MLB-TB-525;;;;;
MLB-TB-618;;;;;
MLB-TB-635;;;;;
MLB-TB-661;;;;;
MLB-TB-974;;;;;
MLB-TC-523;;;;;
MLB-TC-541;;;;;
MLB-TC-625;;;;;
MLB-TC-730;;;;;
MLB-TD-174;;;;;
MLB-TD-216;;;;;
MLB-TD-491;;;;;
MLB-TD-870;;;;;
MLB-TE-044;;;;;
MLB-TE-107;;;;;
MLB-TE-275;;;;;
MLB-TE-278;;;;;
MLB-TE-348;;;;;
MLB-TE-618;;;;;
MLB-TE-836;;;;;
MLB-TF-020;;;;;
MLB-TF-043;;;;;
MLB-TF-048;;;;;
MLB-TF-070;;;;;
MLB-TF-147;;;;;
MLB-TF-156;;;;;
MLB-TF-218;;;;;
MLB-TF-261;;;;;
MLB-TF-276;;;;;
MLB-TF-444;;;;;
MLB-TF-492;;;;;
MLB-TF-627;;;;;
MLB-TF-642;;;;;
MLB-TF-725;;;;;
MLB-TF-986;;;;;
MLB-TG-052;;;;;
MLB-TG-094;;;;;
MLB-TG-225;;;;;
MLB-TG-271;;;;;
MLB-TG-275;;;;;
MLB-TG-283;;;;;
MLB-TG-359;;;;;
MLB-TG-498;;;;;
MLB-TG-512;;;;;
MLB-TG-602;;;;;
MLB-TG-697;;;;;
MLB-TG-824;;;;;
MLB-TH-452;;;;;
MLB-TH-618;;;;;
MLB-TH-734;;;;;
MLB-TH-765;;;;;
MLB-TH-857;;;;;
MLB-TH-970;;;;;
MLB-TH-982;;;;;
MLB-TI-010;;;;;
MLB-TI-086;;;;;
MLB-TI-133;;;;;
MLB-TI-161;;;;;
MLB-TI-182;;;;;
MLB-TI-225;;;;;
MLB-TI-259;;;;;
MLB-TI-306;;;;;
MLB-TI-554;;;;;
MLB-TI-556;;;;;
MLB-TI-611;;;;;
MLB-TI-695;;;;;
MLB-TI-948;;;;;
MLB-TI-970;;;;;
MLB-TJ-007;;;;;
MLB-TJ-013;;;;;
MLB-TJ-132;;;;;
MLB-TJ-163;;;;;
MLB-TJ-174;;;;;
MLB-TJ-293;;;;;
MLB-TJ-307;;;;;
MLB-TJ-638;;;;;
MLB-TJ-668;;;;;
MLB-TJ-828;;;;;
MLB-TJ-955;;;;;
MLB-TK-113;;;;;
MLB-TK-171;;;;;
MLB-TK-212;;;;;
MLB-TK-257;;;;;
MLB-TK-311;;;;;
MLB-TK-330;;;;;
MLB-TK-419;;;;;
MLB-TK-475;;;;;
MLB-TK-599;;;;;
MLB-TK-695;;;;;
MLB-TK-705;;;;;
MLB-TK-842;;;;;
MLB-TK-872;;;;;
MLB-TK-989;;;;;
MLB-TL-196;;;;;
MLB-TL-210;;;;;
MLB-TL-252;;;;;
MLB-TL-356;;;;;
MLB-TL-487;;;;;
MLB-TL-583;;;;;
MLB-TL-748;;;;;
MLB-TL-846;;;;;
MLB-TL-896;;;;;
MLB-TL-911;;;;;
MLB-TL-915;;;;;
MLB-TL-962;;;;;
MLB-TM-099;;;;;
MLB-TM-213;;;;;
MLB-TM-322;;;;;
MLB-TM-632;;;;;
MLB-TM-866;;;;;
MLB-TM-927;;;;;
MLB-TN-108;;;;;
MLB-TN-244;;;;;
MLB-TN-368;;;;;
MLB-TN-447;;;;;
MLB-TN-600;;;;;
MLB-TN-639;;;;;
MLB-TN-645;;;;;
MLB-TN-719;;;;;
MLB-TN-738;;;;;
MLB-TN-852;;;;;
MLB-TN-880;;;;;
MLB-TN-940;;;;;
MLB-TO-042;;;;;
MLB-TO-161;;;;;
MLB-TO-425;;;;;
MLB-TO-661;;;;;
MLB-TO-832;;;;;
MLB-TO-947;;;;;
MLB-TP-036;;;;;
MLB-TP-271;;;;;
MLB-TP-346;;;;;
MLB-TP-423;;;;;
MLB-TP-475;;;;;
MLB-TP-776;;;;;
MLB-TQ-049;;;;;
MLB-TQ-133;;;;;
MLB-TQ-218;;;;;
MLB-TQ-272;;;;;
MLB-TQ-363;;;;;
MLB-TQ-432;;;;;
MLB-TQ-460;;;;;
MLB-TQ-582;;;;;
MLB-TQ-648;;;;;
MLB-TQ-784;;;;;
MLB-TQ-985;;;;;
MLB-TR-264;;;;;
MLB-TR-270;;;;;
MLB-TR-274;;;;;
MLB-TR-387;;;;;
MLB-TR-681;;;;;
MLB-TR-685;;;;;
MLB-TR-833;;;;;
MLB-TR-845;;;;;
MLB-TR-878;;;;;
MLB-TS-297;;;;;
MLB-TS-471;;;;;
MLB-TS-541;;;;;
MLB-TS-591;;;;;
MLB-TS-672;;;;;
MLB-TS-695;;;;;
MLB-TS-970;;;;;
MLB-TT-147;;;;;
MLB-TT-162;;;;;
MLB-TT-577;;;;;
MLB-TT-817;;;;;
MLB-TT-827;;;;;
MLB-TT-872;;;;;
MLB-TT-964;;;;;
MLB-TU-126;;;;;
MLB-TU-249;;;;;
MLB-TU-323;;;;;
MLB-TU-413;;;;;
MLB-TU-699;;;;;
MLB-TU-702;;;;;
MLB-TU-758;;;;;
MLB-TU-980;;;;;
MLB-TV-003;;;;;
MLB-TV-048;;;;;
MLB-TV-075;;;;;
MLB-TV-125;;;;;
MLB-TV-176;;;;;
MLB-TV-474;;;;;
MLB-TV-628;;;;;
MLB-TV-720;;;;;
MLB-TV-833;;;;;
MLB-TV-892;;;;;
MLB-TW-087;;;;;
MLB-TW-145;;;;;
MLB-TW-195;;;;;
MLB-TW-241;;;;;
MLB-TW-398;;;;;
MLB-TW-539;;;;;
MLB-TW-613;;;;;
MLB-TW-638;;;;;
MLB-TW-820;;;;;
MLB-TW-832;;;;;
MLB-TX-044;;;;;
MLB-TX-054;;;;;
MLB-TX-072;;;;;
MLB-TX-187;;;;;
MLB-TX-226;;;;;
MLB-TX-353;;;;;
MLB-TX-361;;;;;
MLB-TX-404;;;;;
MLB-TX-506;;;;;
MLB-TX-792;;;;;
MLB-TX-910;;;;;
MLB-TY-007;;;;;
MLB-TY-052;;;;;
MLB-TY-229;;;;;
MLB-TY-296;;;;;
MLB-TY-393;;;;;
MLB-TY-471;;;;;
MLB-TY-596;;;;;
MLB-TY-615;;;;;
MLB-TY-911;;;;;
MLB-TY-976;;;;;
MLB-TZ-128;;;;;
MLB-TZ-159;;;;;
MLB-TZ-229;;;;;
MLB-TZ-261;;;;;
MLB-TZ-431;;;;;
MLB-TZ-606;;;;;
MLB-TZ-624;;;;;
MLB-TZ-723;;;;;
MLB-TZ-834;;;;;
MLB-UA-054;;;;;
MLB-UA-158;;;;;
MLB-UA-234;;;;;
MLB-UB-648;;;;;
MLB-UB-902;;;;;
MLB-UB-978;;;;;
MLB-UC-158;;;;;
MLB-UC-297;;;;;
MLB-UC-543;;;;;
MLB-UC-598;;;;;
MLB-UC-600;;;;;
MLB-UC-715;;;;;
MLB-UC-794;;;;;
MLB-UC-880;;;;;
MLB-UC-946;;;;;
MLB-UD-163;;;;;
MLB-UD-280;;;;;
MLB-UD-668;;;;;
MLB-UD-675;;;;;
MLB-UD-846;;;;;
MLB-UD-879;;;;;
MLB-UD-900;;;;;
MLB-UD-975;;;;;
MLB-UE-010;;;;;
MLB-UE-125;;;;;
MLB-UE-254;;;;;
MLB-UE-333;;;;;
MLB-UE-477;;;;;
MLB-UE-568;;;;;
MLB-UE-646;;;;;
MLB-UE-730;;;;;
MLB-UE-858;;;;;
MLB-UE-859;;;;;
MLB-UE-880;;;;;
MLB-UE-889;;;;;
MLB-UF-063;;;;;
MLB-UF-093;;;;;
MLB-UF-134;;;;;
MLB-UF-306;;;;;
MLB-UF-401;;;;;
MLB-UF-453;;;;;
MLB-UF-458;;;;;
MLB-UF-564;;;;;
MLB-UF-614;;;;;
MLB-UF-702;;;;;
MLB-UF-753;;;;;
MLB-UF-902;;;;;
MLB-UF-958;;;;;
MLB-UF-980;;;;;
MLB-UG-120;;;;;
MLB-UG-172;;;;;
MLB-UG-201;;;;;
MLB-UG-273;;;;;
MLB-UG-285;;;;;
MLB-UG-293;;;;;
MLB-UG-427;;;;;
MLB-UG-494;;;;;
MLB-UG-499;;;;;
MLB-UG-518;;;;;
MLB-UG-770;;;;;
MLB-UG-867;;;;;
MLB-UG-998;;;;;
MLB-UH-082;;;;;
MLB-UH-125;;;;;
MLB-UH-224;;;;;
MLB-UH-231;;;;;
MLB-UH-338;;;;;
MLB-UH-370;;;;;
MLB-UH-426;;;;;
MLB-UH-627;;;;;
MLB-UH-630;;;;;
MLB-UI-068;;;;;
MLB-UI-077;;;;;
MLB-UI-490;;;;;
MLB-UI-739;;;;;
MLB-UI-809;;;;;
MLB-UI-851;;;;;
MLB-UI-924;;;;;
MLB-UJ-055;;;;;
MLB-UJ-081;;;;;
MLB-UJ-100;;;;;
MLB-UJ-219;;;;;
MLB-UJ-244;;;;;
MLB-UJ-329;;;;;
MLB-UJ-536;;;;;
MLB-UJ-659;;;;;
MLB-UJ-706;;;;;
MLB-UJ-779;;;;;
MLB-UJ-891;;;;;
MLB-UK-065;;;;;
MLB-UK-079;;;;;
MLB-UK-148;;;;;
MLB-UK-330;;;;;
MLB-UK-865;;;;;
MLB-UL-060;;;;;
MLB-UL-129;;;;;
MLB-UL-193;;;;;
MLB-UL-226;;;;;
MLB-UL-237;;;;;
MLB-UL-294;;;;;
MLB-UL-307;;;;;
MLB-UL-485;;;;;
MLB-UL-822;;;;;
MLB-UL-958;;;;;
MLB-UM-253;;;;;
MLB-UM-305;;;;;
MLB-UM-344;;;;;
MLB-UM-601;;;;;
MLB-UM-622;;;;;
MLB-UM-660;;;;;
MLB-UM-714;;;;;
MLB-UM-726;;;;;
MLB-UN-036;;;;;
MLB-UN-045;;;;;
MLB-UN-184;;;;;
MLB-UN-286;;;;;
MLB-UN-407;;;;;
MLB-UN-473;;;;;
MLB-UN-477;;;;;
MLB-UN-579;;;;;
MLB-UN-637;;;;;
MLB-UO-293;;;;;
MLB-UO-420;;;;;
MLB-UO-423;;;;;
MLB-UO-475;;;;;
MLB-UO-551;;;;;
MLB-UO-728;;;;;
MLB-UP-230;;;;;
MLB-UP-273;;;;;
MLB-UP-390;;;;;
MLB-UP-458;;;;;
MLB-UP-624;;;;;
MLB-UP-625;;;;;
MLB-UP-659;;;;;
MLB-UP-694;;;;;
MLB-UP-820;;;;;
MLB-UP-915;;;;;
MLB-UP-938;;;;;
MLB-UQ-047;;;;;
MLB-UQ-172;;;;;
MLB-UQ-347;;;;;
MLB-UQ-648;;;;;
MLB-UQ-784;;;;;
MLB-UR-200;;;;;
MLB-UR-281;;;;;
MLB-UR-328;;;;;
MLB-UR-481;;;;;
MLB-UR-629;;;;;
MLB-UR-682;;;;;
MLB-UR-964;;;;;
MLB-US-010;;;;;
MLB-US-309;;;;;
MLB-US-554;;;;;
MLB-US-989;;;;;
MLB-UT-227;;;;;
MLB-UT-336;;;;;
MLB-UT-341;;;;;
MLB-UU-209;;;;;
MLB-UU-408;;;;;
MLB-UU-465;;;;;
MLB-UU-631;;;;;
MLB-UU-959;;;;;
MLB-UV-089;;;;;
MLB-UV-238;;;;;
MLB-UV-323;;;;;
MLB-UV-377;;;;;
MLB-UV-437;;;;;
MLB-UV-528;;;;;
MLB-UV-541;;;;;
MLB-UV-647;;;;;
MLB-UV-900;;;;;
MLB-UW-070;;;;;
MLB-UW-592;;;;;
MLB-UW-728;;;;;
MLB-UW-985;;;;;
MLB-UW-993;;;;;
MLB-UX-028;;;;;
MLB-UX-066;;;;;
MLB-UX-087;;;;;
MLB-UX-101;;;;;
MLB-UX-179;;;;;
MLB-UX-336;;;;;
MLB-UX-460;;;;;
MLB-UX-574;;;;;
MLB-UX-884;;;;;
MLB-UX-902;;;;Y;
MLB-UY-095;;;;Y;
MLB-UY-139;;;;Y;
MLB-UY-149;;;;Y;
MLB-UY-260;;;;Y;
MLB-UY-271;;;;Y;
MLB-UY-306;;;;Y;
MLB-UY-416;;;;Y;
MLB-UY-479;;;;Y;
MLB-UY-573;;;;Y;
MLB-UY-710;;;;Y;
MLB-UY-714;;;;Y;
MLB-UY-785;;;;Y;
MLB-UZ-429;;;;Y;
MLB-UZ-682;;;;Y;
MLB-UZ-715;;;;Y;
MLB-UZ-765;;;;Y;
MLB-UZ-839;;;;Y;
MLB-UZ-953;;;;Y;
MLB-VA-260;;;;Y;
MLB-VA-303;;;;Y;
MLB-VA-311;;;;Y;
MLB-VA-334;;;;Y;
MLB-VA-634;;;;Y;
MLB-VA-849;;;;Y;
MLB-VB-083;;;;Y;
MLB-VB-106;;;;Y;
MLB-VB-332;;;;Y;
MLB-VB-422;;;;Y;
MLB-VB-701;;;;Y;
MLB-VC-200;;;;Y;
MLB-VC-226;;;;Y;
MLB-VC-385;;;;Y;
MLB-VC-642;;;;Y;
MLB-VC-648;;;;Y;
MLB-VC-756;;;;Y;
MLB-VD-068;;;;Y;
MLB-VD-181;;;;Y;
MLB-VD-517;;;;Y;
MLB-VD-560;;;;Y;
MLB-VD-577;;;;Y;
MLB-VD-647;;;;Y;
MLB-VD-679;;;;Y;
MLB-VD-699;;;;Y;
MLB-VD-894;;;;Y;
MLB-VE-451;;;;Y;
MLB-VE-528;;;;Y;
MLB-VE-717;;;;Y;
MLB-VE-946;;;;Y;
MLB-VF-040;;;;Y;
MLB-VF-056;;;;Y;
MLB-VF-074;;;;Y;
MLB-VF-358;;;;Y;
MLB-VF-564;;;;Y;
MLB-VF-829;;;;Y;
MLB-VF-884;;;;Y;
MLB-VF-933;;;;Y;
MLB-VF-945;;;;Y;
MLB-VG-290;;;;Y;
MLB-VG-427;;;;Y;
MLB-VG-444;;;;Y;
MLB-VG-812;;;;Y;
MLB-VG-984;;;;Y;
MLB-VG-991;;;;Y;
MLB-VH-145;;;;Y;
MLB-VH-276;;;;Y;
MLB-VH-575;;;;Y;
MLB-VH-584;;;;Y;
MLB-VH-607;;;;Y;
MLB-VH-761;;;;Y;
MLB-VH-771;;;;Y;
MLB-VH-778;;;;Y;
MLB-VH-972;;;;Y;
MLB-VI-089;;;;Y;
MLB-VI-316;;;;Y;
MLB-VI-349;;;;Y;
MLB-VI-561;;;;Y;
MLB-VI-674;;;;Y;
MLB-VJ-035;;;;Y;
MLB-VJ-146;;;;Y;
MLB-VJ-162;;;;Y;
MLB-VJ-351;;;;Y;
MLB-VJ-507;;;;Y;
MLB-VJ-570;;;;Y;
MLB-VJ-583;;;;Y;
MLB-VJ-630;;;;Y;
MLB-VJ-684;;;;Y;
MLB-VJ-943;;;;Y;
MLB-VK-044;;;;Y;
MLB-VK-092;;;;Y;
MLB-VK-363;;;;Y;
MLB-VK-406;;;;Y;
MLB-VK-492;;;;Y;
MLB-VK-806;;;;Y;
MLB-VK-853;;;;Y;
MLB-VL-115;;;;Y;
MLB-VL-253;;;;Y;
MLB-VL-275;;;;Y;
MLB-VL-276;;;;Y;
MLB-VL-349;;;;Y;
MLB-VL-644;;;;Y;
MLB-VL-897;;;;Y;
MLB-VL-975;;;;Y;
MLB-VM-029;;;;Y;
MLB-VM-047;;;;Y;
MLB-VM-214;;;;Y;
MLB-VM-352;;;;Y;
MLB-VM-553;;;;Y;
MLB-VM-599;;;;Y;
MLB-VM-803;;;;Y;
MLB-VM-999;;;;Y;
MLB-VN-003;;;;Y;
MLB-VN-196;;;;Y;
MLB-VN-285;;;;Y;
MLB-VN-344;;;;Y;
MLB-VN-528;;;;Y;
MLB-VN-649;;;;Y;
MLB-VN-772;;;;Y;
MLB-VN-854;;;;Y;
MLB-VN-901;;;;Y;
MLB-VO-149;;;;Y;
MLB-VO-198;;;;Y;
MLB-VO-380;;;;Y;
MLB-VO-554;;;;Y;
MLB-VO-788;;;;Y;
MLB-VO-827;;;;Y;
MLB-VP-311;;;;Y;
MLB-VP-476;;;;Y;
MLB-VP-868;;;;Y;
MLB-VQ-349;;;;Y;
MLB-VQ-463;;;;Y;
MLB-VR-090;;;;Y;
MLB-VR-183;;;;Y;
MLB-VR-318;;;;Y;
MLB-VR-345;;;;Y;
MLB-VR-423;;;;Y;
MLB-VR-484;;;;Y;
MLB-VS-142;;;;Y;
MLB-VS-165;;;;Y;
MLB-VS-297;;;;Y;
MLB-VS-317;;;;Y;
MLB-VS-401;;;;Y;
MLB-VS-425;;;;Y;
MLB-VS-436;;;;Y;
MLB-VS-503;;;;Y;
MLB-VS-596;;;;Y;
MLB-VS-643;;;;Y;
MLB-VS-666;;;;Y;
MLB-VS-670;;;;Y;
MLB-VS-672;;;;Y;
MLB-VS-802;;;;Y;
MLB-VS-809;;;;Y;
MLB-VT-019;;;;Y;
MLB-VT-051;;;;Y;
MLB-VT-082;;;;Y;
MLB-VT-231;;;;Y;
MLB-VT-472;;;;Y;
MLB-VT-480;;;;Y;
MLB-VT-509;;;;Y;
MLB-VT-530;;;;Y;
MLB-VT-629;;;;Y;
MLB-VT-738;;;;Y;
MLB-VT-876;;;;Y;
MLB-VU-000;;;;Y;
MLB-VU-325;;;;Y;
MLB-VU-337;;;;Y;
MLB-VU-371;;;;Y;
MLB-VU-493;;;;Y;
MLB-VU-627;;;;Y;
MLB-VU-928;;;;Y;
MLB-VV-269;;;;Y;
MLB-VV-372;;;;Y;
MLB-VV-434;;;;Y;
MLB-VV-860;;;;Y;
MLB-VW-064;;;;Y;
MLB-VW-179;;;;Y;
MLB-VW-673;;;;Y;
MLB-VW-688;;;;Y;
MLB-VW-794;;;;Y;
MLB-VW-898;;;;Y;
MLB-VW-978;;;;Y;
MLB-VX-107;;;;Y;
MLB-VX-235;;;;Y;
MLB-VX-366;;;;Y;
MLB-VX-380;;;;Y;
MLB-VX-395;;;;Y;
MLB-VX-511;;;;Y;
MLB-VX-780;;;;Y;
MLB-VX-825;;;;Y;
MLB-VY-047;;;;Y;
MLB-VY-073;;;;Y;
MLB-VY-147;;;;Y;
MLB-VY-263;;;;Y;
MLB-VY-465;;;;Y;
MLB-VY-528;;;;Y;
MLB-VY-541;;;;Y;
MLB-VY-801;;;;Y;
MLB-VY-862;;;;Y;
MLB-VY-890;;;;Y;
MLB-VY-943;;;;Y;
MLB-VY-976;;;;Y;
MLB-VZ-078;;;;Y;
MLB-VZ-188;;;;Y;
MLB-VZ-205;;;;Y;
MLB-VZ-403;;;;Y;
MLB-VZ-864;;;;Y;
MLB-VZ-972;;;;Y;
MLB-VZ-976;;;;Y;
MLB-WA-089;;;;Y;
MLB-WA-156;;;;Y;
MLB-WA-272;;;;Y;
MLB-WA-295;;;;Y;
MLB-WA-413;;;;Y;
MLB-WA-461;;;;Y;
MLB-WA-528;;;;Y;
MLB-WA-604;;;;Y;
MLB-WA-639;;;;Y;
MLB-WA-923;;;;Y;
MLB-WB-063;;;;Y;
MLB-WB-104;;;;Y;
MLB-WB-139;;;;Y;
MLB-WB-208;;;;Y;
MLB-WB-233;;;;Y;
MLB-WB-304;;;;Y;
MLB-WB-568;;;;Y;
MLB-WB-718;;;;Y;
MLB-WB-830;;;;Y;
MLB-WB-842;;;;Y;
MLB-WB-905;;;;Y;
MLB-WC-027;;;;Y;
MLB-WC-217;;;;Y;
MLB-WC-260;;;;Y;
MLB-WC-325;;;;Y;
MLB-WC-347;;;;Y;
MLB-WC-391;;;;Y;
MLB-WC-418;;;;Y;
MLB-WC-896;;;;Y;
MLB-WC-961;;;;Y;
MLB-WD-055;;;;Y;
MLB-WD-704;;;;Y;
MLB-WD-708;;;;Y;
MLB-WD-791;;;;Y;
MLB-WE-184;;;;Y;
MLB-WE-426;;;;Y;
MLB-WE-918;;;;Y;
MLB-WF-168;;;;Y;
MLB-WF-294;;;;Y;
MLB-WF-344;;;;Y;
MLB-WF-364;;;;Y;
MLB-WF-395;;;;Y;
MLB-WF-479;;;;Y;
MLB-WF-506;;;;Y;
MLB-WF-668;;;;Y;
MLB-WG-150;;;;Y;
MLB-WG-350;;;;Y;
MLB-WG-452;;;;Y;
MLB-WG-911;;;;Y;
MLB-WG-961;;;;Y;
MLB-WH-043;;;;Y;
MLB-WH-107;;;;Y;
MLB-WH-142;;;;Y;
MLB-WH-277;;;;Y;
MLB-WH-313;;;;Y;
MLB-WH-428;;;;Y;
MLB-WH-491;;;;Y;
MLB-WH-543;;;;Y;
MLB-WH-664;;;;Y;
MLB-WI-182;;;;Y;
MLB-WI-276;;;;Y;
MLB-WI-580;;;;Y;
MLB-WI-654;;;;Y;
MLB-WI-748;;;;Y;
MLB-WI-838;;;;Y;
MLB-WI-869;;;;Y;
MLB-WI-953;;;;Y;
MLB-WJ-102;;;;Y;
MLB-WJ-245;;;;Y;
MLB-WJ-247;;;;Y;
MLB-WJ-411;;;;Y;
MLB-WJ-412;;;;Y;
MLB-WJ-501;;;;Y;
MLB-WJ-792;;;;Y;
MLB-WJ-842;;;;Y;
MLB-WJ-986;;;;Y;
MLB-WK-004;;;;Y;
MLB-WK-272;;;;Y;
MLB-WK-671;;;;Y;
MLB-WK-778;;;;Y;
MLB-WK-883;;;;Y;
MLB-WK-962;;;;Y;
MLB-WL-043;;;;Y;
MLB-WL-110;;;;Y;
MLB-WL-142;;;;Y;
MLB-WL-427;;;;Y;
MLB-WL-500;;;;Y;
MLB-WL-689;;;;Y;
MLB-WL-723;;;;Y;
MLB-WL-732;;;;Y;
MLB-WM-025;;;;Y;
MLB-WM-246;;;;Y;
MLB-WM-416;;;;Y;
MLB-WM-506;;;;Y;
MLB-WM-628;;;;Y;
MLB-WM-705;;;;Y;
MLB-WM-837;;;;Y;
MLB-WM-860;;;;Y;
MLB-WN-173;;;;Y;
MLB-WN-188;;;;Y;
MLB-WN-194;;;;Y;
MLB-WN-219;;;;Y;
MLB-WN-289;;;;Y;
MLB-WN-291;;;;Y;
MLB-WN-560;;;;Y;
MLB-WN-721;;;;Y;
MLB-WO-065;;;;Y;
MLB-WO-082;;;;Y;
MLB-WO-272;;;;Y;
MLB-WO-605;;;;Y;
MLB-WO-635;;;;Y;
MLB-WO-678;;;;Y;
MLB-WO-684;;;;Y;
MLB-WO-755;;;;Y;
MLB-WO-826;;;;Y;
MLB-WP-066;;;;Y;
MLB-WP-107;;;;Y;
MLB-WP-258;;;;Y;
MLB-WP-375;;;;Y;
MLB-WP-460;;;;Y;
MLB-WP-625;;;;Y;
MLB-WP-647;;;;Y;
MLB-WP-679;;;;Y;
MLB-WP-853;;;;Y;
MLB-WP-991;;;;Y;
MLB-WQ-015;;;;Y;
MLB-WQ-112;;;;Y;
MLB-WQ-120;;;;Y;
MLB-WQ-206;;;;Y;
MLB-WQ-219;;;;Y;
MLB-WQ-414;;;;Y;
MLB-WQ-487;;;;Y;
MLB-WQ-671;;;;Y;
MLB-WQ-709;;;;Y;
MLB-WQ-718;;;;Y;
MLB-WQ-823;;;;Y;
MLB-WQ-827;;;;Y;
MLB-WQ-929;;;;Y;
MLB-WR-144;;;;Y;
MLB-WR-195;;;;Y;
MLB-WR-241;;;;Y;
MLB-WR-543;;;;Y;
MLB-WR-710;;;;Y;
MLB-WR-931;;;;Y;
MLB-WS-293;;;;Y;
MLB-WS-307;;;;Y;
MLB-WS-347;;;;Y;
MLB-WS-361;;;;Y;
MLB-WS-581;;;;Y;
MLB-WS-726;;;;Y;
MLB-WS-791;;;;Y;
MLB-WS-897;;;;Y;
MLB-WS-985;;;;Y;
MLB-WT-434;;;;Y;
MLB-WT-663;;;;Y;
MLB-WT-685;;;;Y;
MLB-WT-868;;;;Y;
MLB-WT-891;;;;Y;
MLB-WU-083;;;;Y;
MLB-WU-121;;;;Y;
MLB-WU-182;;;;Y;
MLB-WU-470;;;;Y;
MLB-WU-628;;;;Y;
MLB-WV-091;;;;Y;
MLB-WV-250;;;;Y;
MLB-WV-930;;;;Y;
MLB-WW-084;;;;Y;
MLB-WW-221;;;;Y;
MLB-WW-377;;;;Y;
MLB-WW-475;;;;Y;
MLB-WW-616;;;;Y;
MLB-WW-741;;;;Y;
MLB-WW-760;;;;Y;
MLB-WX-113;;;;Y;
MLB-WX-151;;;;Y;
MLB-WX-197;;;;Y;
MLB-WX-735;;;;Y;
MLB-WX-796;;;;Y;
MLB-WX-836;;;;Y;
MLB-WY-079;;;;Y;
MLB-WY-083;;;;Y;
MLB-WY-105;;;;Y;
MLB-WY-293;;;;Y;
MLB-WY-299;;;;Y;
MLB-WY-304;;;;Y;
MLB-WY-324;;;;Y;
MLB-WY-442;;;;Y;
MLB-WY-444;;;;Y;
MLB-WY-517;;;;Y;
MLB-WY-535;;;;Y;
MLB-WY-539;;;;Y;
MLB-WY-678;;;;Y;
MLB-WY-708;;;;Y;
MLB-WY-852;;;;Y;
MLB-WZ-298;;;;Y;
MLB-WZ-343;;;;Y;
MLB-WZ-595;;;;Y;
MLB-WZ-615;;;;Y;
MLB-WZ-754;;;;Y;
MLB-WZ-824;;;;Y;
MLB-WZ-932;;;;Y;
MLB-XA-007;;;;Y;
MLB-XA-099;;;;Y;
MLB-XA-349;;;;Y;
MLB-XA-467;;;;Y;
MLB-XA-506;;;;Y;
MLB-XA-671;;;;Y;
MLB-XA-673;;;;Y;
MLB-XA-997;;;;Y;
MLB-XB-174;;;;Y;
MLB-XB-178;;;;Y;
MLB-XB-294;;;;Y;
MLB-XB-343;;;;Y;
MLB-XB-838;;;;Y;
MLB-XC-010;;;;Y;
MLB-XC-185;;;;Y;
MLB-XC-324;;;;Y;
MLB-XC-405;;;;Y;
MLB-XC-470;;;;Y;
MLB-XC-716;;;;Y;
MLB-XC-790;;;;Y;
MLB-XD-100;;;;Y;
MLB-XD-289;;;;Y;
MLB-XD-350;;;;Y;
MLB-XD-614;;;;Y;
MLB-XD-686;;;;Y;
MLB-XD-747;;;;Y;
MLB-XD-800;;;;Y;
MLB-XD-813;;;;Y;
MLB-XE-121;;;;Y;
MLB-XE-217;;;;Y;
MLB-XE-224;;;;Y;
MLB-XE-407;;;;Y;
MLB-XE-508;;;;Y;
MLB-XE-541;;;;Y;
MLB-XE-616;;;;Y;
MLB-XE-644;;;;Y;
MLB-XE-726;;;;Y;
MLB-XE-777;;;;Y;
MLB-XE-928;;;;Y;
MLB-XE-948;;;;Y;
MLB-XE-999;;;;Y;
MLB-XF-111;;;;Y;
MLB-XF-288;;;;Y;
MLB-XF-338;;;;Y;
MLB-XF-460;;;;Y;
MLB-XG-015;;;;Y;
MLB-XG-195;;;;Y;
MLB-XG-309;;;;Y;
MLB-XG-535;;;;Y;
MLB-XG-667;;;;Y;
MLB-XG-791;;;;Y;
MLB-XG-836;;;;Y;
MLB-XG-906;;;;Y;
MLB-XH-095;;;;Y;
MLB-XH-172;;;;Y;
MLB-XH-210;;;;Y;
MLB-XH-351;;;;Y;
MLB-XH-427;;;;Y;
MLB-XH-519;;;;Y;
MLB-XH-679;;;;Y;
MLB-XH-686;;;;Y;
MLB-XI-046;;;;Y;
MLB-XI-101;;;;Y;
MLB-XI-256;;;;Y;
MLB-XI-312;;;;Y;
MLB-XI-527;;;;Y;
MLB-XI-725;;;;Y;
MLB-XJ-040;;;;Y;
MLB-XJ-267;;;;Y;
MLB-XJ-425;;;;Y;
MLB-XJ-472;;;;Y;
MLB-XJ-610;;;;Y;
MLB-XJ-666;;;;Y;
MLB-XJ-696;;;;Y;
MLB-XJ-703;;;;Y;
MLB-XJ-713;;;;Y;
MLB-XJ-912;;;;Y;
MLB-XJ-960;;;;Y;
MLB-XK-117;;;;Y;
MLB-XK-283;;;;Y;
MLB-XK-307;;;;Y;
MLB-XL-179;;;;Y;
MLB-XL-185;;;;Y;
MLB-XL-235;;;;Y;
MLB-XL-393;;;;Y;
MLB-XL-910;;;;Y;
MLB-XM-058;;;;Y;
MLB-XM-131;;;;Y;
MLB-XM-198;;;;Y;
MLB-XM-479;;;;Y;
MLB-XM-623;;;;Y;
MLB-XM-782;;;;Y;
MLB-XN-223;;;;Y;
MLB-XN-305;;;;Y;
MLB-XN-323;;;;Y;
MLB-XN-398;;;;Y;
MLB-XN-837;;;;Y;
MLB-XN-853;;;;Y;
MLB-XO-329;;;;Y;
MLB-XO-691;;;;Y;
MLB-XO-917;;;;Y;
MLB-XO-962;;;;Y;
MLB-XP-003;;;;Y;
MLB-XP-106;;;;Y;
MLB-XP-251;;;;Y;
MLB-XP-290;;;;Y;
MLB-XP-330;;;;Y;
MLB-XP-334;;;;Y;
MLB-XP-542;;;;Y;
MLB-XP-652;;;;Y;
MLB-XQ-321;;;;Y;
MLB-XQ-387;;;;Y;
MLB-XQ-468;;;;Y;
MLB-XQ-547;;;;Y;
MLB-XQ-914;;;;Y;
MLB-XQ-966;;;;Y;
MLB-XR-231;;;;Y;
MLB-XR-326;;;;Y;
MLB-XR-341;;;;Y;
MLB-XR-849;;;;Y;
MLB-XR-950;;;;Y;
MLB-XS-036;;;;Y;
MLB-XS-109;;;;Y;
MLB-XS-127;;;;Y;
MLB-XS-146;;;;Y;
MLB-XS-208;;;;Y;
MLB-XS-592;;;;Y;
MLB-XS-732;;;;Y;
MLB-XS-847;;;;Y;
MLB-XS-858;;;;Y;
MLB-XT-191;;;;Y;
MLB-XT-196;;;;Y;
MLB-XT-220;;;;Y;
MLB-XT-240;;;;Y;
MLB-XT-252;;;;Y;
MLB-XT-285;;;;Y;
MLB-XT-432;;;;Y;
MLB-XT-513;;;;Y;
MLB-XT-546;;;;Y;
MLB-XT-708;;;;Y;
MLB-XT-711;;;;Y;
MLB-XT-969;;;;Y;
MLB-XU-178;;;;Y;
MLB-XU-257;;;;Y;
MLB-XU-291;;;;Y;
MLB-XU-478;;;;Y;
MLB-XU-562;;;;Y;
MLB-XU-571;;;;Y;
MLB-XU-596;;;;Y;
MLB-XU-620;;;;Y;
MLB-XU-687;;;;Y;
MLB-XU-705;;;;Y;
MLB-XU-763;;;;Y;
MLB-XU-958;;;;Y;
MLB-XV-067;;;;Y;
MLB-XV-070;;;;Y;
MLB-XV-319;;;;Y;
MLB-XV-333;;;;Y;
MLB-XV-338;;;;Y;
MLB-XV-438;;;;Y;
MLB-XV-544;;;;Y;
MLB-XV-650;;;;Y;
MLB-XV-980;;;;Y;
MLB-XW-152;;;;Y;
MLB-XW-232;;;;Y;
MLB-XW-282;;;;Y;
MLB-XW-327;;;;Y;
MLB-XW-411;;;;Y;
MLB-XW-462;;;;Y;
MLB-XW-599;;;;Y;
MLB-XW-980;;;;Y;
MLB-XX-005;;;;Y;
MLB-XX-032;;;;Y;
MLB-XX-123;;;;Y;
MLB-XX-137;;;;Y;
MLB-XX-292;;;;Y;
MLB-XX-374;;;;Y;
MLB-XX-488;;;;Y;
MLB-XX-508;;;;Y;
MLB-XX-802;;;;Y;
MLB-XX-843;;;;Y;
MLB-XX-932;;;;Y;
MLB-XX-968;;;;Y;
MLB-XY-132;;;;Y;
MLB-XY-148;;;;Y;
MLB-XY-631;;;;Y;
MLB-XZ-069;;;;Y;
MLB-XZ-090;;;;Y;
MLB-XZ-126;;;;Y;
MLB-XZ-144;;;;Y;
MLB-XZ-249;;;;Y;
MLB-XZ-733;;;;Y;
MLB-XZ-786;;;;Y;
MLB-XZ-959;;;;Y;
MLB-XZ-986;;;;Y;
MLB-YA-073;;;;Y;
MLB-YA-151;;;;Y;
MLB-YA-227;;;;Y;
MLB-YA-529;;;;Y;
MLB-YB-012;;;;Y;
MLB-YB-543;;;;Y;
MLB-YB-878;;;;Y;
MLB-YB-924;;;;Y;
MLB-YB-974;;;;Y;
MLB-YB-991;;;;Y;
MLB-YC-076;;;;Y;
MLB-YC-088;;;;Y;
MLB-YC-111;;;;Y;
MLB-YC-208;;;;Y;
MLB-YC-282;;;;Y;
MLB-YC-314;;;;Y;
MLB-YC-428;;;;Y;
MLB-YC-477;;;;Y;
MLB-YC-578;;;;Y;
MLB-YC-745;;;;Y;
MLB-YD-085;;;;Y;
MLB-YD-224;;;;Y;
MLB-YD-801;;;;Y;
MLB-YD-874;;;;Y;
MLB-YD-883;;;;Y;
MLB-YE-208;;;;Y;
MLB-YE-461;;;;Y;
MLB-YE-580;;;;Y;
MLB-YE-742;;;;Y;
MLB-YE-809;;;;Y;
MLB-YE-904;;;;Y;
MLB-YF-430;;;;Y;
MLB-YF-519;;;;Y;
MLB-YF-887;;;;Y;
MLB-YF-928;;;;Y;
MLB-YG-315;;;;Y;
MLB-YG-601;;;;Y;
MLB-YG-602;;;;Y;
MLB-YG-783;;;;Y;
MLB-YG-863;;;;Y;
MLB-YH-213;;;;Y;
MLB-YH-393;;;;Y;
MLB-YH-703;;;;Y;
MLB-YH-762;;;;Y;
MLB-YH-801;;;;Y;
MLB-YH-830;;;;Y;
MLB-YH-851;;;;Y;
MLB-YI-122;;;;Y;
MLB-YI-279;;;;Y;
MLB-YI-451;;;;Y;
MLB-YI-629;;;;Y;
MLB-YI-725;;;;Y;
MLB-YI-785;;;;Y;
MLB-YI-825;;;;Y;
MLB-YI-966;;;;Y;
MLB-YJ-066;;;;Y;
MLB-YJ-125;;;;Y;
MLB-YJ-415;;;;Y;
MLB-YJ-431;;;;Y;
MLB-YJ-590;;;;Y;
MLB-YJ-612;;;;Y;
MLB-YJ-726;;;;Y;
MLB-YJ-855;;;;Y;
MLB-YJ-879;;;;Y;
MLB-YJ-909;;;;Y;
MLB-YK-154;;;;Y;
MLB-YK-163;;;;Y;
MLB-YK-198;;;;Y;
MLB-YK-379;;;;Y;
MLB-YK-445;;;;Y;
MLB-YK-561;;;;Y;
MLB-YK-604;;;;Y;
MLB-YK-910;;;;Y;
MLB-YL-328;;;;Y;
MLB-YL-404;;;;Y;
MLB-YL-590;;;;Y;
MLB-YL-634;;;;Y;
MLB-YL-773;;;;Y;
MLB-YL-894;;;;Y;
MLB-YL-923;;;;Y;
MLB-YM-073;;;;Y;
MLB-YM-080;;;;Y;
MLB-YM-218;;;;Y;
MLB-YM-230;;;;Y;
MLB-YM-348;;;;Y;
MLB-YM-365;;;;Y;
MLB-YM-648;;;;Y;
MLB-YM-762;;;;Y;
MLB-YM-855;;;;Y;
MLB-YN-006;;;;Y;
MLB-YN-027;;;;Y;
MLB-YN-067;;;;Y;
MLB-YN-144;;;;Y;
MLB-YN-514;;;;Y;
MLB-YO-107;;;;Y;
MLB-YO-143;;;;Y;
MLB-YO-312;;;;Y;
MLB-YO-462;;;;Y;
MLB-YO-919;;;;Y;
MLB-YO-925;;;;Y;
MLB-YO-954;;;;Y;
MLB-YP-057;;;;Y;
MLB-YP-522;;;;Y;
MLB-YP-567;;;;Y;
MLB-YP-576;;;;Y;
MLB-YP-677;;;;Y;
MLB-YP-681;;;;Y;
MLB-YP-793;;;;Y;
MLB-YP-913;;;;Y;
MLB-YP-925;;;;Y;
MLB-YP-965;;;;Y;
MLB-YQ-045;;;;Y;
MLB-YQ-136;;;;Y;
MLB-YQ-203;;;;Y;
MLB-YQ-291;;;;Y;
MLB-YQ-450;;;;Y;
MLB-YQ-473;;;;Y;
MLB-YQ-529;;;;Y;
MLB-YQ-563;;;;Y;
MLB-YQ-608;;;;Y;
MLB-YQ-620;;;;Y;
MLB-YQ-688;;;;Y;
MLB-YQ-885;;;;Y;
MLB-YQ-911;;;;Y;
MLB-YR-029;;;;Y;
MLB-YR-519;;;;Y;
MLB-YR-673;;;;Y;
MLB-YR-727;;;;Y;
MLB-YR-783;;;;Y;
MLB-YR-895;;;;Y;
MLB-YS-127;;;;Y;
MLB-YS-406;;;;Y;
MLB-YS-478;;;;Y;
MLB-YS-909;;;;Y;
MLB-YT-199;;;;Y;
MLB-YT-227;;;;Y;
MLB-YT-285;;;;Y;
MLB-YT-346;;;;Y;
MLB-YT-507;;;;Y;
MLB-YT-708;;;;Y;
MLB-YT-729;;;;Y;
MLB-YT-986;;;;Y;
MLB-YU-032;;;;Y;
MLB-YU-237;;;;Y;
MLB-YU-406;;;;Y;
MLB-YU-625;;;;Y;
MLB-YU-723;;;;Y;
MLB-YU-731;;;;Y;
MLB-YU-804;;;;Y;
MLB-YU-813;;;;Y;
MLB-YV-077;;;;Y;
MLB-YV-175;;;;Y;
MLB-YV-263;;;;Y;
MLB-YV-274;;;;Y;
MLB-YV-372;;;;Y;
MLB-YV-426;;;;Y;
MLB-YV-640;;;;Y;
MLB-YV-674;;;;Y;
MLB-YV-883;;;;Y;
MLB-YV-938;;;;Y;
MLB-YV-969;;;;Y;
MLB-YW-143;;;;Y;
MLB-YW-299;;;;Y;
MLB-YW-406;;;;Y;
MLB-YW-517;;;;Y;
MLB-YW-661;;;;Y;
MLB-YW-695;;;;Y;
MLB-YX-198;;;;Y;
MLB-YX-415;;;;Y;
MLB-YX-465;;;;Y;
MLB-YX-767;;;;Y;
MLB-YX-772;;;;Y;
MLB-YX-807;;;;Y;
MLB-YX-877;;;;Y;
MLB-YX-995;;;;Y;
MLB-YY-212;;;;Y;
MLB-YY-462;;;;Y;
MLB-YY-489;;;;Y;
MLB-YY-553;;;;Y;
MLB-YY-822;;;;Y;
MLB-YY-862;;;;Y;
MLB-YY-933;;;;Y;
MLB-YZ-011;;;;Y;
MLB-YZ-142;;;;Y;
MLB-YZ-199;;;;Y;
MLB-YZ-480;;;;Y;
MLB-ZA-012;;;;Y;
MLB-ZA-143;;;;Y;
MLB-ZA-147;;;;Y;
MLB-ZA-219;;;;Y;
MLB-ZA-456;;;;Y;
MLB-ZB-031;;;;Y;
MLB-ZB-072;;;;Y;
MLB-ZB-152;;;;Y;
MLB-ZB-181;;;;Y;
MLB-ZB-326;;;;Y;
MLB-ZB-339;;;;Y;
MLB-ZB-354;;;;Y;
MLB-ZB-485;;;;Y;
MLB-ZB-590;;;;Y;
MLB-ZB-619;;;;Y;
MLB-ZB-766;;;;Y;
MLB-ZB-790;;;;Y;
MLB-ZB-906;;;;Y;
MLB-ZC-097;;;;Y;
MLB-ZC-153;;;;Y;
MLB-ZC-350;;;;Y;
MLB-ZC-569;;;;Y;
MLB-ZC-666;;;;Y;
MLB-ZC-736;;;;Y;
MLB-ZC-740;;;;Y;
MLB-ZC-788;;;;Y;
MLB-ZD-254;;;;Y;
MLB-ZD-462;;;;Y;
MLB-ZD-531;;;;Y;
MLB-ZD-721;;;;Y;
MLB-ZD-744;;;;Y;
MLB-ZD-756;;;;Y;
MLB-ZD-866;;;;Y;
MLB-ZE-202;;;;Y;
MLB-ZE-223;;;;Y;
MLB-ZE-671;;;;Y;
MLB-ZE-738;;;;Y;
MLB-ZE-899;;;;Y;
MLB-ZE-982;;;;Y;
MLB-ZF-511;;;;Y;
MLB-ZF-549;;;;Y;
MLB-ZF-565;;;;Y;
MLB-ZF-641;;;;Y;
MLB-ZF-697;;;;Y;
MLB-ZF-776;;;;Y;
MLB-ZF-779;;;;Y;
MLB-ZF-833;;;;Y;
MLB-ZG-081;;;;Y;
MLB-ZG-231;;;;Y;
MLB-ZG-261;;;;Y;
MLB-ZG-303;;;;Y;
MLB-ZG-575;;;;Y;
MLB-ZG-815;;;;Y;
MLB-ZG-848;;;;Y;
MLB-ZG-871;;;;Y;
MLB-ZH-104;;;;Y;
MLB-ZH-130;;;;Y;
MLB-ZH-158;;;;Y;
MLB-ZH-173;;;;Y;
MLB-ZH-385;;;;Y;
MLB-ZH-447;;;;Y;
MLB-ZH-591;;;;Y;
MLB-ZH-671;;;;Y;
MLB-ZH-751;;;;Y;
MLB-ZH-781;;;;Y;
MLB-ZH-867;;;;Y;
MLB-ZI-068;;;;Y;
MLB-ZI-475;;;;Y;
MLB-ZI-778;;;;Y;
MLB-ZI-863;;;;Y;
MLB-ZI-873;;;;Y;
MLB-ZI-906;;;;Y;
MLB-ZJ-051;;;;Y;
MLB-ZJ-055;;;;Y;
MLB-ZJ-159;;;;Y;
MLB-ZJ-189;;;;Y;
MLB-ZJ-338;;;;Y;
MLB-ZJ-442;;;;Y;
MLB-ZJ-492;;;;Y;
MLB-ZJ-631;;;;Y;
MLB-ZJ-635;;;;Y;
MLB-ZJ-739;;;;Y;
MLB-ZK-148;;;;Y;
MLB-ZK-410;;;;Y;
MLB-ZK-454;;;;Y;
MLB-ZK-508;;;;Y;
MLB-ZK-885;;;;Y;
MLB-ZK-940;;;;Y;
MLB-ZK-976;;;;Y;
MLB-ZL-222;;;;Y;
MLB-ZL-370;;;;Y;
MLB-ZL-432;;;;Y;
MLB-ZL-497;;;;Y;
MLB-ZL-522;;;;Y;
MLB-ZL-752;;;;Y;
MLB-ZL-786;;;;Y;
MLB-ZL-880;;;;Y;
MLB-ZM-103;;;;Y;
MLB-ZM-555;;;;Y;
MLB-ZM-656;;;;Y;
MLB-ZM-739;;;;Y;
MLB-ZM-811;;;;Y;
MLB-ZM-856;;;;Y;
MLB-ZN-056;;;;Y;
MLB-ZN-130;;;;Y;
MLB-ZN-319;;;;Y;
MLB-ZN-470;;;;Y;
MLB-ZN-472;;;;Y;
MLB-ZN-524;;;;Y;
MLB-ZN-867;;;;Y;
MLB-ZO-242;;;;Y;
MLB-ZO-276;;;;Y;
MLB-ZO-281;;;;Y;
MLB-ZO-550;;;;Y;
MLB-ZO-813;;;;Y;
MLB-ZO-815;;;;Y;
MLB-ZO-955;;;;Y;
MLB-ZP-099;;;;Y;
MLB-ZP-182;;;;Y;
MLB-ZP-249;;;;Y;
MLB-ZP-298;;;;Y;
MLB-ZP-313;;;;Y;
MLB-ZP-342;;;;Y;
MLB-ZP-449;;;;Y;
MLB-ZP-451;;;;Y;
MLB-ZP-490;;;;Y;
MLB-ZP-578;;;;Y;
MLB-ZP-662;;;;Y;
MLB-ZP-708;;;;Y;
MLB-ZP-726;;;;Y;
MLB-ZP-779;;;;Y;
MLB-ZP-948;;;;Y;
MLB-ZQ-041;;;;Y;
MLB-ZQ-106;;;;Y;
MLB-ZQ-357;;;;Y;
MLB-ZQ-412;;;;Y;
MLB-ZQ-623;;;;Y;
MLB-ZQ-642;;;;Y;
MLB-ZQ-722;;;;Y;
MLB-ZQ-836;;;;Y;
MLB-ZQ-850;;;;Y;
MLB-ZQ-878;;;;Y;
MLB-ZQ-898;;;;Y;
MLB-ZQ-979;;;;Y;
MLB-ZR-168;;;;Y;
MLB-ZR-199;;;;Y;
MLB-ZR-373;;;;Y;
MLB-ZR-456;;;;Y;
MLB-ZR-522;;;;Y;
MLB-ZR-570;;;;Y;
MLB-ZR-638;;;;Y;
MLB-ZR-702;;;;Y;
MLB-ZR-838;;;;Y;
MLB-ZR-840;;;;Y;
MLB-ZS-450;;;;Y;
MLB-ZS-597;;;;Y;
MLB-ZS-975;;;;Y;
MLB-ZT-019;;;;Y;
MLB-ZT-047;;;;Y;
MLB-ZT-060;;;;Y;
MLB-ZT-113;;;;Y;
MLB-ZT-229;;;;Y;
MLB-ZT-344;;;;Y;
MLB-ZT-518;;;;Y;
MLB-ZT-635;;;;Y;
MLB-ZT-804;;;;Y;
MLB-ZT-934;;;;Y;
MLB-ZU-058;;;;Y;
MLB-ZU-093;;;;Y;
MLB-ZU-099;;;;Y;
MLB-ZU-139;;;;Y;
MLB-ZU-145;;;;Y;
MLB-ZU-325;;;;Y;
MLB-ZU-517;;;;Y;
MLB-ZU-717;;;;Y;
MLB-ZU-859;;;;Y;
MLB-ZV-221;;;;Y;
MLB-ZV-266;;;;Y;
MLB-ZV-284;;;;Y;
MLB-ZV-540;;;;Y;
MLB-ZV-598;;;;Y;
MLB-ZV-604;;;;Y;
MLB-ZV-713;;;;Y;
MLB-ZW-037;;;;Y;
MLB-ZW-057;;;;Y;
MLB-ZW-111;;;;Y;
MLB-ZW-167;;;;Y;
MLB-ZW-332;;;;Y;
MLB-ZW-373;;;;Y;
MLB-ZW-383;;;;Y;
MLB-ZW-503;;;;Y;
MLB-ZW-557;;;;Y;
MLB-ZW-675;;;;Y;
MLB-ZW-687;;;;Y;
MLB-ZW-705;;;;Y;
MLB-ZW-874;;;;Y;
MLB-ZX-142;;;;Y;
MLB-ZX-521;;;;Y;
MLB-ZX-699;;;;Y;
MLB-ZY-021;;;;Y;
MLB-ZY-084;;;;Y;
MLB-ZY-086;;;;Y;
MLB-ZY-190;;;;Y;
MLB-ZY-245;;;;Y;
MLB-ZY-253;;;;Y;
MLB-ZY-423;;;;Y;
MLB-ZY-985;;;;Y;
MLB-ZZ-349;;;;Y;
MLB-ZZ-405;;;;Y;
MLB-ZZ-409;;;;Y;
MLB-ZZ-958;;;;Y;
